Image,Index,English Name,Chinese name,Type 1,Type 2,Total,HP,Attack,Defense,SP. Atk.,SP. Def,Speed,Legendary
images/1.png,1,Bulbasaur,§®µìºØ¤l,Grass,Poison,318,45,49,49,65,65,45,FALSE
images/2.png,2,Ivysaur,§®µì¯ó,Grass,Poison,405,60,62,63,80,80,60,FALSE
images/3.png,3,Venusaur,§®µìªá,Grass,Poison,525,80,82,83,100,100,80,FALSE
images/4.png,3,Mega Venusaur,MEGA§®µìªá,Grass,Poison,625,80,100,123,122,120,80,FALSE
images/5.png,4,Charmander,¤p¤õÀs,Fire,,309,39,52,43,60,50,65,FALSE
images/6.png,5,Charmeleon,¤õ®£Às,Fire,,405,58,64,58,80,65,80,FALSE
images/7.png,6,Charizard,¼Q¤õÀs,Fire,Flying,534,78,84,78,109,85,100,FALSE
images/8.png,6,Mega Charizard X,MEGA¼Q¤õÀsX,Fire,Dragon,634,78,130,111,130,85,100,FALSE
images/9.png,6,Mega Charizard Y,MEGA¼Q¤õÀsY,Fire,Flying,634,78,104,78,159,115,100,FALSE
images/10.png,7,Squirtle,³Ç¥§Àt,Water,,314,44,48,65,50,64,43,FALSE
images/11.png,8,Wartortle,¥d«}Àt,Water,,405,59,63,80,65,80,58,FALSE
images/12.png,9,Blastoise,¤ô½bÀt,Water,,530,79,83,100,85,105,78,FALSE
images/13.png,9,Mega Blastoise,MEGA¤ô½bÀt,Water,,630,79,103,120,135,115,78,FALSE
images/14.png,10,Caterpie,ºñ¤òÂÎ,Bug,,195,45,30,35,20,20,45,FALSE
images/15.png,11,Metapod,ÅK¥Ò¸º,Bug,,205,50,20,55,25,25,30,FALSE
images/16.png,12,Butterfree,¤Ú¤j½º,Bug,Flying,395,60,45,50,90,80,70,FALSE
images/17.png,13,Weedle,¿W¨¤ÂÎ,Bug,Poison,195,40,35,30,20,20,50,FALSE
images/18.png,14,Kakuna,ÅK´ß¸º,Bug,Poison,205,45,25,50,25,25,35,FALSE
images/19.png,15,Beedrill,¤j°w¸Á,Bug,Poison,395,65,90,40,45,80,75,FALSE
images/20.png,15,Mega Beedrill,MEGA¤j°w¸Á,Bug,Poison,495,65,150,40,15,80,145,FALSE
images/21.png,16,Pidgey,ªiªi,Normal,Flying,251,40,45,40,35,35,56,FALSE
images/22.png,17,Pidgeotto,¤ñ¤ñ³¾,Normal,Flying,349,63,60,55,50,50,71,FALSE
images/23.png,18,Pidgeot,¤j¤ñ³¾,Normal,Flying,479,83,80,75,70,70,101,FALSE
images/24.png,18,Mega Pidgeot,MEGA¤j¤ñ³¾,Normal,Flying,579,83,80,80,135,80,121,FALSE
images/25.png,19,Rattata,¤p©Ô¹F,Normal,,253,30,56,35,25,35,72,FALSE
images/26.png,19,Alolan Rattata,¤p©Ô¹F ªüÃ¹©Ôªº¼Ë¤l,Dark,Normal,253,30,56,35,25,35,72,FALSE
images/27.png,20,Raticate,©Ô¹F,Normal,,413,55,81,60,50,70,97,FALSE
images/28.png,20,Alolan Raticate,©Ô¹F ªüÃ¹©Ôªº¼Ë¤l,Dark,Normal,413,75,71,70,40,80,77,FALSE
images/29.png,21,Spearow,¯P³¶,Normal,Flying,262,40,60,30,31,31,70,FALSE
images/30.png,22,Fearow,¤j¼L³¶,Normal,Flying,442,65,90,65,61,61,100,FALSE
images/31.png,23,Ekans,ªü¬f³D,Poison,,288,35,60,44,40,54,55,FALSE
images/32.png,24,Arbok,ªü¬f©Ç,Poison,,448,60,95,69,65,79,80,FALSE
images/33.png,25,Pikachu,¥Ö¥d¥C,Electric,,320,35,55,40,50,50,90,FALSE
images/34.png,25,Partner Pikachu,·fÀÉ¥Ö¥d¥C,Electric,,430,45,80,50,75,60,120,FALSE
images/35.png,26,Raichu,¹p¥C,Electric,,485,60,90,55,90,80,110,FALSE
images/36.png,26,Alolan Raichu,¹p¥C ªüÃ¹©Ôªº¼Ë¤l,Electric,Psychic,485,60,85,50,95,85,110,FALSE
images/37.png,27,Sandshrew,¬ï¤s¹«,Ground,,300,50,75,85,20,30,40,FALSE
images/38.png,27,Alolan Sandshrew,¬ï¤s¹« ªüÃ¹©Ôªº¼Ë¤l,Ice,Steel,300,50,75,90,10,35,40,FALSE
images/39.png,28,Sandslash,¬ï¤s¤ý,Ground,,450,75,100,110,45,55,65,FALSE
images/40.png,28,Alolan Sandslash,¬ï¤s¤ý ªüÃ¹©Ôªº¼Ë¤l,Ice,Steel,450,75,100,120,25,65,65,FALSE
images/41.png,29,Nidoran,¥§¦hÄõ,Poison,,275,55,47,52,40,40,41,FALSE
images/42.png,30,Nidorina,¥§¦h®R,Poison,,365,70,62,67,55,55,56,FALSE
images/43.png,31,Nidoqueen,¥§¦h¦Z,Poison,Ground,505,90,92,87,75,85,76,FALSE
images/44.png,32,Nidoran,¥§¦h®Ô,Poison,,273,46,57,40,40,40,50,FALSE
images/45.png,33,Nidorino,¥§¦h¤O¿Õ,Poison,,365,61,72,57,55,55,65,FALSE
images/46.png,34,Nidoking,¥§¦h¤ý,Poison,Ground,505,81,102,77,85,75,85,FALSE
images/47.png,35,Clefairy,¥Ö¥Ö,Fairy,,323,70,45,48,60,65,35,FALSE
images/48.png,36,Clefable,¥Ö¥i¦è,Fairy,,483,95,70,73,95,90,60,FALSE
images/49.png,37,Vulpix,¤»§À,Fire,,299,38,41,40,50,65,65,FALSE
images/50.png,37,Alolan Vulpix,¤»§À ªüÃ¹©Ôªº¼Ë¤l,Ice,,299,38,41,40,50,65,65,FALSE
images/51.png,38,Ninetales,¤E§À,Fire,,505,73,76,75,81,100,100,FALSE
images/52.png,38,Alolan Ninetales,¤E§À ªüÃ¹©Ôªº¼Ë¤l,Ice,Fairy,505,73,67,75,81,100,109,FALSE
images/53.png,39,Jigglypuff,­D¤B,Normal,Fairy,270,115,45,20,45,25,20,FALSE
images/54.png,40,Wigglytuff,­D¥i¤B,Normal,Fairy,435,140,70,45,85,50,45,FALSE
images/55.png,41,Zubat,¶W­µ½»,Poison,Flying,245,40,45,35,30,40,55,FALSE
images/56.png,42,Golbat,¤j¼L½»,Poison,Flying,455,75,80,70,65,75,90,FALSE
images/57.png,43,Oddish,¨«¸ô¯ó,Grass,Poison,320,45,50,55,75,65,30,FALSE
images/58.png,44,Gloom,¯ä¯äªá,Grass,Poison,395,60,65,70,85,75,40,FALSE
images/59.png,45,Vileplume,ÅQ¤ýªá,Grass,Poison,490,75,80,85,110,90,50,FALSE
images/60.png,46,Paras,¬£©Ô´µ,Bug,Grass,285,35,70,55,45,55,25,FALSE
images/61.png,47,Parasect,¬£©Ô´µ¯S,Bug,Grass,405,60,95,80,60,80,30,FALSE
images/62.png,48,Venonat,¤ò²y,Bug,Poison,305,60,55,50,40,55,45,FALSE
images/63.png,49,Venomoth,¼¯¾|¸¿,Bug,Poison,450,70,65,60,90,75,90,FALSE
images/64.png,50,Diglett,¦a¹«,Ground,,265,10,55,25,35,45,95,FALSE
images/65.png,50,Alolan Diglett,¦a¹« ªüÃ¹©Ôªº¼Ë¤l,Ground,Steel,265,10,55,30,35,45,90,FALSE
images/66.png,51,Dugtrio,¤T¦a¹«,Ground,,425,35,100,50,50,70,120,FALSE
images/67.png,51,Alolan Dugtrio,¤T¦a¹« ªüÃ¹©Ôªº¼Ë¤l,Ground,Steel,425,35,100,60,50,70,110,FALSE
images/68.png,52,Meowth,ØpØp,Normal,,290,40,45,35,40,40,90,FALSE
images/69.png,52,Alolan Meowth,ØpØp ªüÃ¹©Ôªº¼Ë¤l,Dark,,290,40,35,35,50,40,90,FALSE
images/70.png,52,Galarian Meowth,ØpØp ¦÷°Çº¸ªº¼Ë¤l,Steel,,290,50,65,55,40,40,40,FALSE
images/71.png,53,Persian,¿ß¦Ñ¤j,Normal,,440,65,70,60,65,65,115,FALSE
images/72.png,53,Alolan Persian,¿ß¦Ñ¤j ªüÃ¹©Ôªº¼Ë¤l,Dark,,440,65,60,60,75,65,115,FALSE
images/73.png,54,Psyduck,¥i¹FÀn,Water,,320,50,52,48,65,50,55,FALSE
images/74.png,55,Golduck,­ô¹FÀn,Water,,500,80,82,78,95,80,85,FALSE
images/75.png,56,Mankey,µU©Ç,Fighting,,305,40,80,35,35,45,70,FALSE
images/76.png,57,Primeape,¤õÃzµU,Fighting,,455,65,105,60,60,70,95,FALSE
images/77.png,58,Growlithe,¥d¸¦ª¯,Fire,,350,55,70,45,70,50,60,FALSE
images/78.png,58,Hisuian Growlithe,¬~»A¥d¸¦ª¯,Fire,Rock,350,60,75,45,65,50,55,FALSE
images/79.png,59,Arcanine,­·³tª¯,Fire,,555,90,110,80,100,80,95,FALSE
images/80.png,59,Hisuian Arcanine,¬~»A­·³tª¯,Fire,Rock,555,95,115,80,95,80,90,FALSE
images/81.png,60,Poliwag,°A­»½Á°B,Water,,300,40,50,40,40,40,90,FALSE
images/82.png,61,Poliwhirl,°A­»§g,Water,,385,65,65,65,50,50,90,FALSE
images/83.png,62,Poliwrath,°A­»ªa¤h,Water,Fighting,510,90,95,95,70,90,70,FALSE
images/84.png,63,Abra,³Í¦è,Psychic,,310,25,20,15,105,55,90,FALSE
images/85.png,64,Kadabra,«i°ò©Ô,Psychic,,400,40,35,30,120,70,105,FALSE
images/86.png,65,Alakazam,­J¦a,Psychic,,500,55,50,45,135,95,120,FALSE
images/87.png,65,Mega Alakazam,MEGA­J¦a,Psychic,,600,55,50,65,175,105,150,FALSE
images/88.png,66,Machop,µÃ¤O,Fighting,,305,70,80,50,35,35,35,FALSE
images/89.png,67,Machoke,»¨¤O,Fighting,,405,80,100,70,50,60,45,FALSE
images/90.png,68,Machamp,©Ç¤O,Fighting,,505,90,130,80,65,85,55,FALSE
images/91.png,69,Bellsprout,³â¥zªÞ,Grass,Poison,300,50,75,35,70,30,40,FALSE
images/92.png,70,Weepinbell,¤f§bªá,Grass,Poison,390,65,90,50,85,45,55,FALSE
images/93.png,71,Victreebel,¤j­¹ªá,Grass,Poison,490,80,105,65,100,70,70,FALSE
images/94.png,72,Tentacool,º¿·ê¤ô¥À,Water,Poison,335,40,40,35,50,100,70,FALSE
images/95.png,73,Tentacruel,¬r¨ë¤ô¥À,Water,Poison,515,80,70,65,80,120,100,FALSE
images/96.png,74,Geodude,¤p®±¥Û,Rock,Ground,300,40,80,100,30,30,20,FALSE
images/97.png,74,Alolan Geodude,¤p®±¥Û ªüÃ¹©Ôªº¼Ë¤l,Rock,Electric,300,40,80,100,30,30,20,FALSE
images/98.png,75,Graveler,¶©¶©¥Û,Rock,Ground,390,55,95,115,45,45,35,FALSE
images/99.png,75,Alolan Graveler,¶©¶©¥Û ªüÃ¹©Ôªº¼Ë¤l,Rock,Electric,390,55,95,115,45,45,35,FALSE
images/100.png,76,Golem,¶©¶©©¥,Rock,Ground,495,80,120,130,55,65,45,FALSE
images/101.png,76,Alolan Golem,¶©¶©©¥ ªüÃ¹©Ôªº¼Ë¤l,Rock,Electric,495,80,120,130,55,65,45,FALSE
images/102.png,77,Ponyta,¤p¤õ°¨,Fire,,410,50,85,55,65,65,90,FALSE
images/103.png,77,Galarian Ponyta,¤p¤õ°¨ ­{°Çº¸ªº¼Ë¤l,Psychic,,410,50,85,55,65,65,90,FALSE
images/104.png,78,Rapidash,¯PµK°¨,Fire,,500,65,100,70,80,80,105,FALSE
images/105.png,78,Galarian Rapidash,¯PµK°¨ ­{°Çº¸ªº¼Ë¤l,Psychic,Fairy,500,65,100,70,80,80,105,FALSE
images/106.png,79,Slowpoke,§b§bÃ~,Water,Psychic,315,90,65,65,40,40,15,FALSE
images/107.png,79,Galarian Slowpoke,§b§bÃ~ ­{°Çº¸ªº¼Ë¤l,Psychic,,315,90,65,65,40,40,15,FALSE
images/108.png,80,Slowbro,§b´ßÃ~,Water,Psychic,490,95,75,110,100,80,30,FALSE
images/109.png,80,Mega Slowbro,MEGA§b´ßÃ~,Water,Psychic,590,95,75,180,130,80,30,FALSE
images/110.png,80,Galarian Slowbro,§b´ßÃ~ ­{°Çº¸ªº¼Ë¤l,Poison,Psychic,490,95,100,95,100,70,30,FALSE
images/111.png,81,Magnemite,¤pºÏ©Ç,Electric,Steel,325,25,35,70,95,55,45,FALSE
images/112.png,82,Magneton,¤T¦X¤@ºÏ©Ç,Electric,Steel,465,50,60,95,120,70,70,FALSE
images/113.png,83,Farfetch'd,¤j½µÀn,Normal,Flying,377,52,90,55,58,62,60,FALSE
images/114.png,83,Galarian Farfetch'd,¤j½µÀn ­{°Çº¸ªº¼Ë¤l,Fighting,,377,52,95,55,58,62,55,FALSE
images/115.png,84,Doduo,¹Ê¹Ê,Normal,Flying,310,35,85,45,35,35,75,FALSE
images/116.png,85,Dodrio,¹Ê¹Ê§Q,Normal,Flying,470,60,110,70,60,60,110,FALSE
images/117.png,86,Seel,¤p®ü·à,Water,,325,65,45,55,45,70,45,FALSE
images/118.png,87,Dewgong,¥Õ®ü·à,Water,Ice,475,90,70,80,70,95,70,FALSE
images/119.png,88,Grimer,¯äªd,Poison,,325,80,80,50,40,50,25,FALSE
images/120.png,88,Alolan Grimer,¯äªd ªüÃ¹©Ôªº¼Ë¤l,Poison,Dark,325,80,80,50,40,50,25,FALSE
images/121.png,89,Muk,¯ä¯äªd,Poison,,500,105,105,75,65,100,50,FALSE
images/122.png,89,Alolan Muk,¯ä¯äªd ªüÃ¹©Ôªº¼Ë¤l,Poison,Dark,500,105,105,75,65,100,50,FALSE
images/123.png,90,Shellder,¤j¦Þ¨©,Water,,305,30,65,100,45,25,40,FALSE
images/124.png,91,Cloyster,¨ë¥Ò¨©,Water,Ice,525,50,95,180,85,45,70,FALSE
images/125.png,92,Gastly,°­´µ,Ghost,Poison,310,30,35,30,100,35,80,FALSE
images/126.png,93,Haunter,°­´µ³q,Ghost,Poison,405,45,50,45,115,55,95,FALSE
images/127.png,94,Gengar,¯Õ°­,Ghost,Poison,500,60,65,60,130,75,110,FALSE
images/128.png,94,Mega Gengar,MEGA¯Õ°­,Ghost,Poison,600,60,65,80,170,95,130,FALSE
images/129.png,95,Onix,¤j©¥³D,Rock,Ground,385,35,45,160,30,45,70,FALSE
images/130.png,96,Drowzee,¶Ê¯vðñ,Psychic,,328,60,48,45,43,90,42,FALSE
images/131.png,97,Hypno,¤Þ¹Úðñ¤H,Psychic,,483,85,73,70,73,115,67,FALSE
images/132.png,98,Krabby,¤j¹XÃÉ,Water,,325,30,105,90,25,25,50,FALSE
images/133.png,99,Kingler,¥¨¹XÃÉ,Water,,475,55,130,115,50,50,75,FALSE
images/134.png,100,Voltorb,ÅRÆE¹q²y,Electric,,330,40,30,50,55,55,100,FALSE
images/135.png,100,Hisuian Voltorb,ÅRÆE¹q²y ¬~»Aªº¼Ë¤l,Electric,Grass,330,40,30,50,55,55,100,FALSE
images/136.png,101,Electrode,¹x¥Ö¹p¼u,Electric,,490,60,50,70,80,80,150,FALSE
images/137.png,101,Hisuian Electrode,¹x¥Ö¹p¼u ¬~»Aªº¼Ë¤l,Electric,Grass,490,60,50,70,80,80,150,FALSE
images/138.png,102,Exeggcute,³J³J,Grass,Psychic,325,60,40,80,60,45,40,FALSE
images/139.png,103,Exeggutor,·¦³J¾ð,Grass,Psychic,530,95,95,85,125,75,55,FALSE
images/140.png,103,Alolan Exeggutor,·¦³J¾ð ªüÃ¹©Ôªº¼Ë¤l,Grass,Dragon,530,95,105,85,125,75,45,FALSE
images/141.png,104,Cubone,¥d©Ô¥d©Ô,Ground,,320,50,50,95,40,50,35,FALSE
images/142.png,105,Marowak,¹Ç°Õ¹Ç°Õ,Ground,,425,60,80,110,50,80,45,FALSE
images/143.png,105,Alolan Marowak,¹Ç°Õ¹Ç°Õ ªüÃ¹©Ôªº¼Ë¤l,Fire,Ghost,425,60,80,110,50,80,45,FALSE
images/144.png,106,Hitmonlee,­¸»L­¦,Fighting,,455,50,120,53,35,110,87,FALSE
images/145.png,107,Hitmonchan,§Ö®±­¦,Fighting,,455,50,105,79,35,110,76,FALSE
images/146.png,108,Lickitung,¤j¦ÞÀY,Normal,,385,90,55,75,60,75,30,FALSE
images/147.png,109,Koffing,¥Ë´µ¼u,Poison,,340,40,65,95,60,45,35,FALSE
images/148.png,110,Weezing,Âù¼u¥Ë´µ,Poison,,490,65,90,120,85,70,60,FALSE
images/149.png,110,Galarian Weezing,Âù¼u¥Ë´µ ¦÷°Çº¸ªº¼Ë¤l,Poison,Fairy,490,65,90,120,85,70,60,FALSE
images/150.png,111,Rhyhorn,¿W¨¤µR¤û,Ground,Rock,345,80,85,95,30,30,25,FALSE
images/151.png,112,Rhydon,Æp¨¤µRÃ~,Ground,Rock,485,105,130,120,45,45,40,FALSE
images/152.png,113,Chansey,¦N§Q³J,Normal,,450,250,5,5,35,105,50,FALSE
images/153.png,114,Tangela,½¯ÃÃ©Ç,Grass,,435,65,55,115,100,40,60,FALSE
images/154.png,115,Kangaskhan,³UÃ~,Normal,,490,105,95,80,40,80,90,FALSE
images/155.png,115,Mega Kangaskhan,MEGA³UÃ~,Normal,,590,105,125,100,60,100,100,FALSE
images/156.png,116,Horsea,¾¥®ü°¨,Water,,295,30,40,70,70,25,60,FALSE
images/157.png,117,Seadra,®ü¨ëÀs,Water,,440,55,65,95,95,45,85,FALSE
images/158.png,118,Goldeen,¨¤ª÷³½,Water,,320,45,67,60,35,50,63,FALSE
images/159.png,119,Seaking,ª÷³½¤ý,Water,,450,80,92,65,65,80,68,FALSE
images/160.png,120,Staryu,®ü¬P¬P,Water,,340,30,45,55,70,55,85,FALSE
images/161.png,121,Starmie,Ä_¥Û®ü¬P,Water,Psychic,520,60,75,85,100,85,115,FALSE
images/162.png,122,Mr. Mime,Å]Àð¤H°¸,Psychic,Fairy,460,40,45,65,100,120,90,FALSE
images/163.png,122,Galarian Mr. Mime,­{°Çº¸Å]Àð¤H°¸,Ice,Psychic,460,50,65,65,90,90,100,FALSE
images/164.png,123,Scyther,­¸¤ÑÁ®½¸,Bug,Flying,500,70,110,80,55,80,105,FALSE
images/165.png,124,Jynx,°g®B©j,Ice,Psychic,455,65,50,35,115,95,95,FALSE
images/166.png,125,Electabuzz,¹qÀ»Ã~,Electric,,490,65,83,57,95,85,105,FALSE
images/167.png,126,Magmar,Àn¼L¤õÃ~,Fire,,495,65,95,57,100,85,93,FALSE
images/168.png,127,Pinsir,³ÍÃ¹´µ,Bug,,500,65,125,100,55,70,85,FALSE
images/169.png,127,Mega Pinsir,MEGA³ÍÃ¹´µ,Bug,Flying,600,65,155,120,65,90,105,FALSE
images/170.png,128,Tauros,ªÖ®õÃ¹,Normal,,490,75,100,95,40,70,110,FALSE
images/171.png,128,Tauros Combat Breed,ªÖ®õÃ¹ ©¬©³¨Èªº¼Ë¤l¡]°«¾ÔºØ¡^,Fighting,,490,75,110,105,30,70,100,FALSE
images/172.png,128,Tauros Blaze Breed,ªÖ®õÃ¹ ©¬©³¨Èªº¼Ë¤l¡]¤õ¿KºØ,Fighting,Fire,490,75,110,105,30,70,100,FALSE
images/173.png,128,Tauros Aqua Breed,ªÖ®õÃ¹ ©¬©³¨Èªº¼Ë¤l¡]¤ôÄiºØ¡^,Fighting,Water,490,75,110,105,30,70,100,FALSE
images/174.png,129,Magikarp,ÃU³½¤ý,Water,,200,20,10,55,15,20,80,FALSE
images/175.png,130,Gyarados,¼ÉÃUÀs,Water,Flying,540,95,125,79,60,100,81,FALSE
images/176.png,130,Mega Gyarados,MEGA¼ÉÃUÀs,Water,Dark,640,95,155,109,70,130,81,FALSE
images/177.png,131,Lapras,©Ô´¶©Ô´µ,Water,Ice,535,130,85,80,85,95,60,FALSE
images/178.png,132,Ditto,¦ÊÅÜ©Ç,Normal,,288,48,48,48,48,48,48,FALSE
images/179.png,133,Eevee,¥ì¥¬,Normal,,325,55,55,50,45,65,55,FALSE
images/180.png,133,Eevee Partner Eevee,·fÀÉ¥ì¥¬,Normal,,435,65,75,70,65,85,75,FALSE
images/181.png,134,Vaporeon,¤ô¥ì¥¬,Water,,525,130,65,60,110,95,65,FALSE
images/182.png,135,Jolteon,¹p¥ì¥¬,Electric,,525,65,65,60,110,95,130,FALSE
images/183.png,136,Flareon,¤õ¥ì¥¬,Fire,,525,65,130,60,95,110,65,FALSE
images/184.png,137,Porygon,¦hÃäÃ~,Normal,,395,65,60,70,85,75,40,FALSE
images/185.png,138,Omanyte,µâ¥ÛÃ~,Rock,Water,355,35,40,100,90,55,35,FALSE
images/186.png,139,Omastar,¦h¨ëµâ¥ÛÃ~,Rock,Water,495,70,60,125,115,70,55,FALSE
images/187.png,140,Kabuto,¤Æ¥Û²¯,Rock,Water,355,30,80,90,55,45,55,FALSE
images/188.png,141,Kabutops,ÅI¤M²¯,Rock,Water,495,60,115,105,65,70,80,FALSE
images/189.png,142,Aerodactyl,¤Æ¥ÛÁlÀs,Rock,Flying,515,80,105,65,60,75,130,FALSE
images/190.png,142,Mega Aerodactyl,MEGA¤Æ¥ÛÁlÀs,Rock,Flying,615,80,135,85,70,95,150,FALSE
images/191.png,143,Snorlax,¥d¤ñÃ~,Normal,,540,160,110,65,65,110,30,FALSE
images/192.png,144,Articuno,«æ­á³¾,Ice,Flying,580,90,85,100,95,125,85,TRUE
images/193.png,144,Galarian Articuno,«æ­á³¾ ¦÷°Çº¸ªº¼Ë¤l,Psychic,Flying,580,90,85,85,125,100,95,TRUE
images/194.png,145,Zapdos,°{¹q³¾,Electric,Flying,580,90,90,85,125,90,100,TRUE
images/195.png,145,Galarian Zapdos,°{¹q³¾ ¦÷°Çº¸ªº¼Ë¤l,Fighting,Flying,580,90,125,90,85,90,100,TRUE
images/196.png,146,Moltres,¤õµK³¾,Fire,Flying,580,90,100,90,125,85,90,TRUE
images/197.png,146,Galarian Moltres,¤õµK³¾ ¦÷°Çº¸ªº¼Ë¤l,Dark,Flying,580,90,85,90,100,125,90,TRUE
images/198.png,147,Dratini,°g§AÀs,Dragon,,300,41,64,45,50,50,50,TRUE
images/199.png,148,Dragonair,«¢§JÀs,Dragon,,420,61,84,65,70,70,70,TRUE
images/200.png,149,Dragonite,§ÖÀs,Dragon,Flying,600,91,134,95,100,100,80,TRUE
images/201.png,150,Mewtwo,¶W¹Ú,Psychic,,680,106,110,90,154,90,130,TRUE
images/202.png,150,Mega Mewtwo X,MEGA¶W¹ÚX,Psychic,Fighting,780,106,190,100,154,100,130,TRUE
images/203.png,150,Mega Mewtwo Y,MEGA¶W¹ÚY,Psychic,,780,106,150,70,194,120,140,TRUE
images/204.png,151,Mew,¹Ú¤Û,Psychic,,600,100,100,100,100,100,100,TRUE
images/205.png,152,Chikorita,µâ¯ó¸­,Grass,,318,45,49,65,49,65,45,FALSE
images/206.png,153,Bayleef,¤ë®Û¸­,Grass,,405,60,62,80,63,80,60,FALSE
images/207.png,154,Meganium,¤jªÇ¸ª,Grass,,525,80,82,100,83,100,80,FALSE
images/208.png,155,Cyndaquil,¤õ²y¹«,Fire,,309,39,52,43,60,50,65,FALSE
images/209.png,156,Quilava,¤õ©¥¹«,Fire,,405,58,64,58,80,65,80,FALSE
images/210.png,157,Typhlosion,¤õÃzÃ~,Fire,,534,78,84,78,109,85,100,FALSE
images/211.png,157,Typhlosion Hisuian Typhlosion,¤õÃzÃ~ ,Fire,Ghost,534,73,84,78,119,85,95,FALSE
images/212.png,158,Totodile,¤p¿÷Æs,Water,,314,50,65,64,44,48,43,FALSE
images/213.png,159,Croconaw,ÂÅÆs,Water,,405,65,80,80,59,63,58,FALSE
images/214.png,160,Feraligatr,¤j¤OÆs,Water,,530,85,105,100,79,83,78,FALSE
images/215.png,161,Sentret,§À¥ß,Normal,,215,35,46,34,35,45,20,FALSE
images/216.png,162,Furret,¤j§À¥ß,Normal,,415,85,76,64,45,55,90,FALSE
images/217.png,163,Hoothoot,©B©B,Normal,Flying,262,60,30,30,36,56,50,FALSE
images/218.png,164,Noctowl,¿ßÀY©]ÆN,Normal,Flying,452,100,50,50,86,96,70,FALSE
images/219.png,165,Ledyba,ªÝ¿]ÂÎ,Bug,Flying,265,40,20,30,40,80,55,FALSE
images/220.png,166,Ledian,¦w¿]ÂÎ,Bug,Flying,390,55,35,50,55,110,85,FALSE
images/221.png,167,Spinarak,¶êµ·µï,Bug,Poison,250,40,60,40,40,40,30,FALSE
images/222.png,168,Ariados,ªü§Q¦h´µ,Bug,Poison,400,70,90,70,60,70,40,FALSE
images/223.png,169,Crobat,¤e¦r½»,Poison,Flying,535,85,90,80,70,80,130,FALSE
images/224.png,170,Chinchou,¿OÅ¢³½,Water,Electric,330,75,38,38,56,56,67,FALSE
images/225.png,171,Lanturn,¹q¿O©Ç,Water,Electric,460,125,58,58,76,76,67,FALSE
images/226.png,172,Pichu,¥Ö¥C,Electric,,205,20,40,15,35,35,60,FALSE
images/227.png,173,Cleffa,¥ÖÄ_Ä_,Fairy,,218,50,25,28,45,55,15,FALSE
images/228.png,174,Igglybuff,Ä_Ä_¤B,Normal,Fairy,210,90,30,15,40,20,15,FALSE
images/229.png,175,Togepi,ªi§J¤ñ,Fairy,,245,35,20,65,40,65,20,FALSE
images/230.png,176,Togetic,ªi§J°ò¥j,Fairy,Flying,405,55,40,85,80,105,40,FALSE
images/231.png,177,Natu,¤ÑµM³¶,Psychic,Flying,320,40,50,45,70,45,70,FALSE
images/232.png,178,Xatu,¤ÑµM³¾,Psychic,Flying,470,65,75,70,95,70,95,FALSE
images/233.png,179,Mareep,«§§Q¦Ï,Electric,,280,55,40,40,65,45,35,FALSE
images/234.png,180,Flaaffy,¯ñ¯ñ¦Ï,Electric,,365,70,55,55,80,60,45,FALSE
images/235.png,181,Ampharos,¹qÀs,Electric,,510,90,75,85,115,90,55,FALSE
images/236.png,181,Mega Ampharos,MEGA¹qÀs,Electric,Dragon,610,90,95,105,165,110,45,FALSE
images/237.png,182,Bellossom,¬üÄRªá,Grass,,490,75,80,95,90,100,50,FALSE
images/238.png,183,Marill,º¿¤OÅS,Water,Fairy,250,70,20,50,20,50,40,FALSE
images/239.png,184,Azumarill,º¿¤OÅSÄR,Water,Fairy,420,100,50,80,60,80,50,FALSE
images/240.png,185,Sudowoodo,¾ð¤~©Ç,Rock,,410,70,100,115,30,65,30,FALSE
images/241.png,186,Politoed,°A­»µì¬Ó,Water,,500,90,75,75,90,100,70,FALSE
images/242.png,187,Hoppip,··¤l¯ó,Grass,Flying,250,35,35,40,35,55,50,FALSE
images/243.png,188,Skiploom,··¤lªá,Grass,Flying,340,55,45,50,45,65,80,FALSE
images/244.png,189,Jumpluff,··¤l´Ö,Grass,Flying,460,75,55,70,55,95,110,FALSE
images/245.png,190,Aipom,ªø§À©Ç¤â,Normal,,360,55,70,55,40,55,85,FALSE
images/246.png,191,Sunkern,¦V¤éºØ¤l,Grass,,180,30,30,30,30,30,30,FALSE
images/247.png,192,Sunflora,¦V¤éªá©Ç,Grass,,425,75,75,55,105,85,30,FALSE
images/248.png,193,Yanma,»f»f¸»,Bug,Flying,390,65,65,45,75,45,95,FALSE
images/249.png,194,Wooper,¯Qªi,Water,Ground,210,55,45,45,25,25,15,FALSE
images/250.png,194,Paldean Wooper,¯Qªi ©¬©³¨Èªº¼Ë¤l,Poison,Ground,210,55,45,45,25,25,15,FALSE
images/251.png,195,Quagsire,ªh¤ý,Water,Ground,430,95,85,85,65,65,35,FALSE
images/252.png,196,Espeon,¤Ó¶§¥ì¥¬,Psychic,,525,65,65,60,130,95,110,FALSE
images/253.png,197,Umbreon,¤ë«G¥ì¥¬,Dark,,525,95,65,110,60,130,65,FALSE
images/254.png,198,Murkrow,¶Â·t¾~,Dark,Flying,405,60,85,42,85,42,91,FALSE
images/255.png,199,Slowking,§b§b¤ý,Water,Psychic,490,95,75,80,100,110,30,FALSE
images/256.png,199,Galarian Slowking,§b§b¤ý ¦÷°Çº¸ªº¼Ë¤l,Poison,Psychic,490,95,65,80,110,110,30,FALSE
images/257.png,200,Misdreavus,¹Ú§¯,Ghost,,435,60,60,60,85,85,85,FALSE
images/258.png,201,Unown,¥¼ª¾¹ÏÄË,Psychic,,336,48,72,48,72,48,48,FALSE
images/259.png,202,Wobbuffet,ªGµM¯Î,Psychic,,405,190,33,58,33,58,33,FALSE
images/260.png,203,Girafarig,ÄQÅï©_,Normal,Psychic,455,70,80,65,90,65,85,FALSE
images/261.png,204,Pineco,ºdªG²y,Bug,,290,50,65,90,35,35,15,FALSE
images/262.png,205,Forretress,¦ò¯P¦«´µ,Bug,Steel,465,75,90,140,60,60,40,FALSE
images/263.png,206,Dunsparce,¤gÀs§Ì§Ì,Normal,,415,100,70,70,65,65,45,FALSE
images/264.png,207,Gligar,¤ÑÃÈ,Ground,Flying,430,65,75,105,35,65,85,FALSE
images/265.png,208,Steelix,¤j¿û³D,Steel,Ground,510,75,85,200,55,65,30,FALSE
images/266.png,208,Mega Steelix,MEGA¤j¿û³D,Steel,Ground,610,75,125,230,55,95,30,FALSE
images/267.png,209,Snubbull,¥¬¾|,Fairy,,300,60,80,50,40,40,30,FALSE
images/268.png,210,Granbull,¥¬¾|¬Ó,Fairy,,450,90,120,75,60,60,45,FALSE
images/269.png,211,Qwilfish,¤d°w³½,Water,Poison,440,65,95,85,55,55,85,FALSE
images/270.png,211,Hisuian Qwilfish,¤d°w³½ ¬~»Aªº¼Ë¤l,Dark,Poison,440,65,95,85,55,55,85,FALSE
images/271.png,212,Scizor,¥¨¹XÁ®½¸,Bug,Steel,500,70,130,100,55,80,65,FALSE
images/272.png,212,Mega Scizor,MEGA¥¨¹XÁ®½¸,Bug,Steel,600,70,150,140,65,100,75,FALSE
images/273.png,213,Shuckle,³ý³ý,Bug,Rock,505,20,10,230,10,230,5,FALSE
images/274.png,214,Heracross,»®©Ô§JÃ¹´µ,Bug,Fighting,500,80,125,75,40,95,85,FALSE
images/275.png,214,Mega Heracross,MEGA»®©Ô§JÃ¹´µ,Bug,Fighting,600,80,185,115,40,105,75,FALSE
images/276.png,215,Sneasel,Ëc©Ô,Dark,Ice,430,55,95,55,35,75,115,FALSE
images/277.png,215,Hisuian Sneasel,Ëc©Ô ¬~»Aªº¼Ë¤l,Fighting,Poison,430,55,95,55,35,75,115,FALSE
images/278.png,216,Teddiursa,ºµÄ_Ä_,Normal,,330,60,80,50,50,50,40,FALSE
images/279.png,217,Ursaring,°é°éºµ,Normal,,500,90,130,75,75,75,55,FALSE
images/280.png,218,Slugma,º²©¥ÂÎ,Fire,,250,40,40,40,70,40,20,FALSE
images/281.png,219,Magcargo,º²©¥½½¤û,Fire,Rock,430,60,50,120,90,80,30,FALSE
images/282.png,220,Swinub,¤p¤s½Þ,Ice,Ground,250,50,50,40,30,30,50,FALSE
images/283.png,221,Piloswine,ªø¤ò½Þ,Ice,Ground,450,100,100,80,60,60,50,FALSE
images/284.png,222,Corsola,¤Ó¶§¬À·ä,Water,Rock,410,65,55,95,65,95,35,FALSE
images/285.png,222,Galarian Corsola,¤Ó¶§¬À·ä ¦÷°Çº¸ªº¼Ë¤l,Ghost,,410,60,55,100,65,100,30,FALSE
images/286.png,223,Remoraid,ÅK¬¶³½,Water,,300,35,65,35,65,35,65,FALSE
images/287.png,224,Octillery,³¹³½±í,Water,,480,75,105,75,105,75,45,FALSE
images/288.png,225,Delibird,«H¨Ï³¾,Ice,Flying,330,45,55,45,65,45,75,FALSE
images/289.png,226,Mantine,¥¨¯Í­¸³½,Water,Flying,485,85,40,70,80,140,70,FALSE
images/290.png,227,Skarmory,²¯¥Ò³¾,Steel,Flying,465,65,80,140,40,70,70,FALSE
images/291.png,228,Houndour,À¹¾|¤ñ,Dark,Fire,330,45,60,30,80,50,65,FALSE
images/292.png,229,Houndoom,¶Â¾|¥[,Dark,Fire,500,75,90,50,110,80,95,FALSE
images/293.png,229,Mega Houndoom,MEGA¶Â¾|¥[,Dark,Fire,600,75,90,90,140,90,115,FALSE
images/294.png,230,Kingdra,¨ëÀs¤ý,Water,Dragon,540,75,95,95,95,95,85,FALSE
images/295.png,231,Phanpy,¤p¤p¶H,Ground,,330,90,60,60,40,40,40,FALSE
images/296.png,232,Donphan,¹y¥Ò,Ground,,500,90,120,120,60,60,50,FALSE
images/297.png,233,Porygon2,¦hÃäÃ~¢º,Normal,,515,85,80,90,105,95,60,FALSE
images/298.png,234,Stantler,Åå¨¤³À,Normal,,465,73,95,62,85,65,85,FALSE
images/299.png,235,Smeargle,¹Ï¹Ï¤ü,Normal,,250,55,20,35,20,45,75,FALSE
images/300.png,236,Tyrogue,µL¬È¤p¤l,Fighting,,210,35,35,35,35,35,35,FALSE
images/301.png,237,Hitmontop,¾Ô»R­¦,Fighting,,455,50,95,95,35,110,70,FALSE
images/302.png,238,Smoochum,°g®B«½,Ice,Psychic,305,45,30,15,85,65,65,FALSE
images/303.png,239,Elekid,¹qÀ»©Ç,Electric,,360,45,63,37,65,55,95,FALSE
images/304.png,240,Magby,Àn¼LÄ_Ä_,Fire,,365,45,75,37,70,55,83,FALSE
images/305.png,241,Miltank,¤j¥¤Åø,Normal,,490,95,80,105,40,70,100,FALSE
images/306.png,242,Blissey,©¯ºÖ³J,Normal,,540,255,10,10,75,135,55,FALSE
images/307.png,243,Raikou,¹p¤½,Electric,,580,90,85,75,115,100,115,TRUE
images/308.png,244,Entei,ª¢«Ò,Fire,,580,115,115,85,90,75,100,TRUE
images/309.png,245,Suicune,¤ô§g,Water,,580,100,75,115,90,115,85,TRUE
images/310.png,246,Larvitar,¥®°ò©Ô´µ,Rock,Ground,300,50,64,50,45,50,41,FALSE
images/311.png,247,Pupitar,¨F°ò©Ô´µ,Rock,Ground,410,70,84,70,65,70,51,FALSE
images/312.png,248,Tyranitar,¯Z°ò©Ô´µ,Rock,Dark,600,100,134,110,95,100,61,FALSE
images/313.png,248,Mega Tyranitar,MEGA¯Z°ò©Ô´µ,Rock,Dark,700,100,164,150,95,120,71,FALSE
images/314.png,249,Lugia,¬¥©_¨È,Psychic,Flying,680,106,90,130,90,154,110,TRUE
images/315.png,250,Ho-oh,»ñ¤ý,Fire,Flying,680,106,130,90,110,154,90,TRUE
images/316.png,251,Celebi,®É©Ô¤ñ,Psychic,Grass,600,100,100,100,100,100,100,TRUE
images/317.png,252,Treecko,¤ì¦u®c,Grass,,310,40,45,35,65,55,70,FALSE
images/318.png,253,Grovyle,´ËªL»h»i,Grass,,405,50,65,45,85,65,95,FALSE
images/319.png,254,Sceptile,»h»i¤ý,Grass,,530,70,85,65,105,85,120,FALSE
images/320.png,254,Mega Sceptile,MEGA»h»i¤ý,Grass,Dragon,630,70,110,75,145,85,145,FALSE
images/321.png,255,Torchic,¤õ¸XÂû,Fire,,310,45,60,40,70,50,45,FALSE
images/322.png,256,Combusken,¤O§§Âû,Fire,Fighting,405,60,85,60,85,60,55,FALSE
images/323.png,257,Blaziken,¤õµKÂû,Fire,Fighting,530,80,120,70,110,70,80,FALSE
images/324.png,257,Mega Blaziken,MEGA¤õµKÂû,Fire,Fighting,630,80,160,80,130,80,100,FALSE
images/325.png,258,Mudkip,¤õµKÂû,Water,,310,50,70,50,50,50,40,FALSE
images/326.png,259,Marshtomp,¤ôÅD³½,Water,Ground,405,70,85,70,60,70,50,FALSE
images/327.png,260,Swampert,ªhÅD³½,Water,Ground,535,100,110,90,85,90,60,FALSE
images/328.png,260,Mega Swampert,MEGAªhÅD³½,Water,Ground,635,100,150,110,95,110,70,FALSE
images/329.png,261,Poochyena,¤g¯T¤ü,Dark,,220,35,55,35,30,30,35,FALSE
images/330.png,262,Mightyena,¤j¯T¤ü,Dark,,420,70,90,70,60,60,70,FALSE
images/331.png,263,Zigzagoon,³D¯¾ºµ,Normal,,240,38,30,41,30,41,60,FALSE
images/332.png,263,Galarian Zigzagoon,³D¯¾ºµ ¦÷°Çº¸ªº¼Ë¤l,Dark,Normal,240,38,30,41,30,41,60,FALSE
images/333.png,264,Linoone,ª½½Äºµ,Normal,,420,78,70,61,50,61,100,FALSE
images/334.png,264,Galarian Linoone,ª½½Äºµ ¦÷°Çº¸ªº¼Ë¤l,Dark,Normal,420,78,70,61,50,61,100,FALSE
images/335.png,265,Wurmple,¨ë§ÀÂÎ,Bug,,195,45,45,35,20,30,20,FALSE
images/336.png,266,Silcoon,¥Ò´ßÃµ,Bug,,205,50,35,55,25,25,15,FALSE
images/337.png,267,Beautifly,¬¼Ây»ñ½º,Bug,Flying,395,60,70,50,100,50,65,FALSE
images/338.png,268,Cascoon,¬Þ¥ÒÃµ,Bug,,205,50,35,55,25,25,15,FALSE
images/339.png,269,Dustox,¬r¯»¸¿,Bug,Poison,385,60,50,70,50,90,65,FALSE
images/340.png,270,Lotad,½¬¸­µ£¤l,Water,Grass,220,40,30,30,40,50,30,FALSE
images/341.png,271,Lombre,½¬´U¤pµ£,Water,Grass,340,60,50,50,60,70,50,FALSE
images/342.png,272,Ludicolo,¼Ö¤Ñªeµ£,Water,Grass,480,80,70,70,90,100,70,FALSE
images/343.png,273,Seedot,¾ó¹êªG,Grass,,220,40,40,50,30,30,30,FALSE
images/344.png,274,Nuzleaf,ªø»ó¸­,Grass,Dark,340,70,70,40,60,40,60,FALSE
images/345.png,275,Shiftry,¬¾·â¤Ñª¯,Grass,Dark,480,90,100,60,90,60,80,FALSE
images/346.png,276,Taillow,¶Æ°©¿P,Normal,Flying,270,40,55,30,30,30,85,FALSE
images/347.png,277,Swellow,¤j¤ý¿P,Normal,Flying,455,60,85,60,75,50,125,FALSE
images/348.png,278,Wingull,ªø¯ÍÅÃ,Water,Flying,270,40,30,30,55,30,85,FALSE
images/349.png,279,Pelipper,¤j¼LÅÃ,Water,Flying,440,60,50,100,95,70,65,FALSE
images/350.png,280,Ralts,©Ô¾|©Ôµ·,Psychic,Fairy,198,28,25,25,45,35,40,FALSE
images/351.png,281,Kirlia,©_¾|²ú¦w,Psychic,Fairy,278,38,35,35,65,55,50,FALSE
images/352.png,282,Gardevoir,¨F©`¦·,Psychic,Fairy,518,68,65,65,125,115,80,FALSE
images/353.png,282,Mega Gardevoir,MEGA¨F©`¦·,Psychic,Fairy,618,68,85,65,165,135,100,FALSE
images/354.png,283,Surskit,·È·È¿}²y,Bug,Water,269,40,30,32,50,52,65,FALSE
images/355.png,284,Masquerain,«B¯Í¸¿,Bug,Flying,454,70,60,62,100,82,80,FALSE
images/356.png,285,Shroomish,Ä¨Ä¨Û£,Grass,,295,60,40,60,40,60,35,FALSE
images/357.png,286,Breloom,¤æ²ÁÛ£,Grass,Fighting,460,60,130,80,60,60,70,FALSE
images/358.png,287,Slakoth,Ãi¤HÃ¡,Normal,,280,60,60,60,35,35,30,FALSE
images/359.png,288,Vigoroth,¹L°Ê·á,Normal,,440,80,80,80,55,55,90,FALSE
images/360.png,289,Slaking,½Ð°²¤ý,Normal,,670,150,160,100,95,65,100,FALSE
images/361.png,290,Nincada,¤g©~§Ô¤h,Bug,Ground,266,31,45,90,30,30,40,FALSE
images/362.png,291,Ninjask,ÅK­±§ÔªÌ,Bug,Flying,456,61,90,45,50,50,160,FALSE
images/363.png,292,Shedinja,²æ´ß§ÔªÌ,Bug,Ghost,236,1,90,45,30,30,40,FALSE
images/364.png,293,Whismur,©B§¬§¬,Normal,,240,64,51,23,51,23,28,FALSE
images/365.png,294,Loudred,§qÃz¼u,Normal,,360,84,71,43,71,43,48,FALSE
images/366.png,295,Exploud,Ãz­µ©Ç,Normal,,490,104,91,63,91,73,68,FALSE
images/367.png,296,Makuhita,¹õ¤U¤O¤h,Fighting,,237,72,60,30,20,30,25,FALSE
images/368.png,297,Hariyama,ÅK´x¤O¤h,Fighting,,474,144,120,60,40,60,50,FALSE
images/369.png,298,Azurill,ÅS¤OÄR,Normal,Fairy,190,50,20,40,20,40,20,FALSE
images/370.png,299,Nosepass,´Â¥_»ó,Rock,,375,30,45,135,45,90,30,FALSE
images/371.png,300,Skitty,¦V§ÀØp,Normal,,260,50,45,45,35,35,50,FALSE
images/372.png,301,Delcatty,Àu¶®¿ß,Normal,,400,70,65,65,55,55,90,FALSE
images/373.png,302,Sableye,¤Ä»î²´,Dark,Ghost,380,50,75,75,65,65,50,FALSE
images/374.png,302,Mega Sableye,MEGA¤Ä»î²´,Dark,Ghost,480,50,85,125,85,115,20,FALSE
images/375.png,303,Mawile,¤j¼L«½,Steel,Fairy,380,50,85,85,55,55,50,FALSE
images/376.png,303,Mega Mawile,MEGA¤j¼L«½,Steel,Fairy,480,50,105,125,55,95,50,FALSE
images/377.png,304,Aron,¥i¥i¦h©Ô,Steel,Rock,330,50,70,100,40,40,30,FALSE
images/378.png,305,Lairon,¥i¦h©Ô,Steel,Rock,430,60,90,140,50,50,40,FALSE
images/379.png,306,Aggron,ªi¤h¥i¦h©Ô,Steel,Rock,530,70,110,180,60,60,50,FALSE
images/380.png,306,Mega Aggron,MEGAªi¤h¥i¦h©Ô,Steel,,630,70,140,230,60,80,50,FALSE
images/381.png,307,Meditite,º¿¨F¨º,Fighting,Psychic,280,30,40,55,40,55,60,FALSE
images/382.png,308,Medicham,«ê¹p©i,Fighting,Psychic,410,60,60,75,60,75,80,FALSE
images/383.png,308,Mega Medicham,MEGA«ê¹p©i,Fighting,Psychic,510,60,100,85,80,85,100,FALSE
images/384.png,309,Electrike,¸¨¹pÃ~,Electric,,295,40,45,40,65,40,65,FALSE
images/385.png,310,Manectric,¹p¹qÃ~,Electric,,475,70,75,60,105,60,105,FALSE
images/386.png,310,Mega Manectric,MEGA¹p¹qÃ~,Electric,,575,70,75,80,135,80,135,FALSE
images/387.png,311,Plusle,¥¿¹q©ç©ç,Electric,,405,60,50,40,85,75,95,FALSE
images/388.png,312,Minun,­t¹q©ç©ç,Electric,,405,60,40,50,75,85,95,FALSE
images/389.png,313,Volbeat,¹q¿ÃÂÎ,Bug,,430,65,73,75,47,85,85,FALSE
images/390.png,314,Illumise,²¢²¢¿Ã,Bug,,430,65,47,75,73,85,85,FALSE
images/391.png,315,Roselia,¬rÁ¥Á¨,Grass,Poison,400,50,60,45,100,80,65,FALSE
images/392.png,316,Gulpin,·»­¹Ã~,Poison,,302,70,43,53,43,53,40,FALSE
images/393.png,317,Swalot,§]­¹Ã~,Poison,,467,100,73,83,73,83,55,FALSE
images/394.png,318,Carvanha,§Q¤ú³½,Water,Dark,305,45,90,20,65,20,65,FALSE
images/395.png,319,Sharpedo,¥¨¤úÃT,Water,Dark,460,70,120,40,95,40,95,FALSE
images/396.png,319,Mega Sharpedo,MEGA¥¨¤úÃT,Water,Dark,560,70,140,70,110,65,105,FALSE
images/397.png,320,Wailmer,§q§qÄH,Water,,400,130,70,35,70,35,60,FALSE
images/398.png,321,Wailord,§qÄH¤ý,Water,,500,170,90,45,90,45,60,FALSE
images/399.png,322,Numel,§b¤õ¾m,Fire,Ground,305,60,60,40,65,45,35,FALSE
images/400.png,323,Camerupt,¼Q¤õ¾m,Fire,Ground,460,70,100,70,105,75,40,FALSE
images/401.png,323,Mega Camerupt,MEGA¼Q¤õ¾m,Fire,Ground,560,70,120,100,145,105,20,FALSE
images/402.png,324,Torkoal,·Ñ¬´Àt,Fire,,470,70,85,140,85,70,20,FALSE
images/403.png,325,Spoink,¸õ¸õ½Þ,Psychic,,330,60,25,35,70,80,60,FALSE
images/404.png,326,Grumpig,¼P¼P½Þ,Psychic,,470,80,45,65,90,110,80,FALSE
images/405.png,327,Spinda,®Ì®Ì´³,Normal,,360,60,60,60,60,60,60,FALSE
images/406.png,328,Trapinch,¤jÃEÃÆ,Ground,,290,45,100,45,45,45,10,FALSE
images/407.png,329,Vibrava,¶W­µªi¥®ÂÎ,Ground,Dragon,340,50,70,50,50,50,70,FALSE
images/408.png,330,Flygon,¨Fºz»f¸»,Ground,Dragon,520,80,100,80,80,80,100,FALSE
images/409.png,331,Cacnea,¨ë²y¥P¤H´x,Grass,,335,50,85,40,85,40,35,FALSE
images/410.png,332,Cacturne,¹Úºq¥P¤H´x,Grass,Dark,475,70,115,60,115,60,55,FALSE
images/411.png,333,Swablu,«Cºø³¾,Normal,Flying,310,45,40,60,40,75,50,FALSE
images/412.png,334,Altaria,¤C¤i«C³¾,Dragon,Flying,490,75,70,90,70,105,80,FALSE
images/413.png,334,Mega Altaria,MEGA¤C¤i«C³¾,Dragon,Fairy,590,75,110,110,110,105,80,FALSE
images/414.png,335,Zangoose,¿ßÃ^±Ù,Normal,,458,73,115,60,60,60,90,FALSE
images/415.png,336,Seviper,¶º°Í³D,Poison,,458,73,100,60,100,60,65,FALSE
images/416.png,337,Lunatone,¤ë¥Û,Rock,Psychic,460,90,55,65,95,85,70,FALSE
images/417.png,338,Solrock,¤Ó¶§©¥,Rock,Psychic,460,90,95,85,55,65,70,FALSE
images/418.png,339,Barboach,ªdªdÄÏ,Water,Ground,288,50,48,43,46,41,60,FALSE
images/419.png,340,Whiscash,óÎ³½¤ý,Water,Ground,468,110,78,73,76,71,60,FALSE
images/420.png,341,Corphish,Às½¼¤p§L,Water,,308,43,80,65,50,35,35,FALSE
images/421.png,342,Crawdaunt,ÅKîgÀs½¼,Water,Dark,468,63,120,85,90,55,55,FALSE
images/422.png,343,Baltoy,¤Ñ¯¯°¸,Ground,Psychic,300,40,40,55,40,70,55,FALSE
images/423.png,344,Claydol,©À¤O¤g°¸,Ground,Psychic,500,60,70,105,70,120,75,FALSE
images/424.png,345,Lileep,Ä²¤â¦Ê¦X,Rock,Grass,355,66,41,77,61,87,23,FALSE
images/425.png,346,Cradily,·nÄx¦Ê¦X,Rock,Grass,495,86,81,97,81,107,43,FALSE
images/426.png,347,Anorith,¤Ó¥j¦ÐÂÎ,Rock,Bug,355,45,95,50,40,50,75,FALSE
images/427.png,348,Armaldo,¤Ó¥j²¯¥Ò,Rock,Bug,495,75,125,100,70,80,45,FALSE
images/428.png,349,Feebas,ÁàÁà³½,Water,,200,20,15,20,10,55,80,FALSE
images/429.png,350,Milotic,¬ü¯Ç´µ,Water,,540,95,60,79,100,125,81,FALSE
images/430.png,351,Castform,ÄÆ¯Bªwªw,Normal,,420,70,70,70,70,70,70,FALSE
images/431.png,351,Castform Sunny Form,ÄÆ¯Bªwªw ¤Ó¶§ªº¼Ë¤l,Fire,,420,70,70,70,70,70,70,FALSE
images/432.png,351,Castform Rainy Form,ÄÆ¯Bªwªw «B¤ôªº¼Ë¤l,Water,,420,70,70,70,70,70,70,FALSE
images/433.png,351,Castform Snowy Form,ÄÆ¯Bªwªw ³·¶³ªº¼Ë¤l,Ice,,420,70,70,70,70,70,70,FALSE
images/434.png,352,Kecleon,ÅÜÁôÀs,Normal,,440,60,90,70,60,120,40,FALSE
images/435.png,353,Shuppet,«è¼v«½«½,Ghost,,295,44,75,35,63,33,45,FALSE
images/436.png,354,Banette,¶A©G«½«½,Ghost,,455,64,115,65,83,63,65,FALSE
images/437.png,354,Mega Banette,MEGA¶A©G«½«½,Ghost,,555,64,165,75,93,83,75,FALSE
images/438.png,355,Duskull,©]¨µÆF,Ghost,,295,20,40,90,30,90,25,FALSE
images/439.png,356,Dusclops,§Ï´a©]ÆF,Ghost,,455,40,70,130,60,130,25,FALSE
images/440.png,357,Tropius,¼ö±aÀs,Grass,Flying,460,99,68,83,72,87,51,FALSE
images/441.png,358,Chimecho,­·¹a¹a,Psychic,,455,75,50,80,95,90,65,FALSE
images/442.png,359,Absol,ªü«k±ô¾|,Dark,,465,65,130,60,75,60,75,FALSE
images/443.png,359,Mega Absol,MEGAªü«k±ô¾|,Dark,,565,65,150,60,115,60,115,FALSE
images/444.png,360,Wynaut,¤pªGµM,Psychic,,260,95,23,48,23,48,23,FALSE
images/445.png,361,Snorunt,³·µ£¤l,Ice,,300,50,50,50,50,50,50,FALSE
images/446.png,362,Glalie,¦B°­Å@,Ice,,480,80,80,80,80,80,80,FALSE
images/447.png,362,Mega Glalie,MEGA¦B°­Å@,Ice,,580,80,120,80,120,80,100,FALSE
images/448.png,363,Spheal,®ü°\²y,Ice,Water,290,70,40,50,55,50,25,FALSE
images/449.png,364,Sealeo,®üÅ]·à,Ice,Water,410,90,60,70,75,70,45,FALSE
images/450.png,365,Walrein,«Ò¤ú®ü·à,Ice,Water,530,110,80,90,95,90,65,FALSE
images/451.png,366,Clamperl,¬Ã¯]¨©,Water,,345,35,64,85,74,55,32,FALSE
images/452.png,367,Huntail,Ây´³³½,Water,,485,55,104,105,94,75,52,FALSE
images/453.png,368,Gorebyss,Äåªá³½,Water,,485,55,84,105,114,75,52,FALSE
images/454.png,369,Relicanth,¥jªÅ´Æ³½,Water,Rock,485,100,90,130,45,65,55,FALSE
images/455.png,370,Luvdisc,·R¤ß³½,Water,,330,43,30,55,40,65,97,FALSE
images/456.png,371,Bagon,Ä_¨©Às,Dragon,,300,45,75,60,40,30,50,FALSE
images/457.png,372,Shelgon,¥Ò´ßÀs,Dragon,,420,65,95,100,60,50,50,FALSE
images/458.png,373,Salamence,¼É­¸Às,Dragon,Flying,600,95,135,80,110,80,100,FALSE
images/459.png,373,Mega Salamence,MEGA¼É­¸Às,Dragon,Flying,700,95,145,130,120,90,120,FALSE
images/460.png,374,Beldum,ÅK°×¹a,Steel,Psychic,300,40,55,80,35,60,30,FALSE
images/461.png,375,Metang,ª÷ÄÝ©Ç,Steel,Psychic,420,60,75,100,55,80,50,FALSE
images/462.png,376,Metagross,¥¨ª÷©Ç,Steel,Psychic,600,80,135,130,95,90,70,FALSE
images/463.png,376,Mega Metagross,MEGA¥¨ª÷©Ç,Steel,Psychic,700,80,145,150,105,110,110,FALSE
images/464.png,377,Regirock,¹p¦N¬¥§J,Rock,,580,80,100,200,50,100,50,TRUE
images/465.png,378,Regice,¹p¦N¦ã´µ,Ice,,580,80,50,100,100,200,50,TRUE
images/466.png,379,Registeel,¹p¦N´µ©_¾|,Steel,,580,80,75,150,75,150,50,TRUE
images/467.png,380,Latias,©Ô«Ò¨È´µ,Dragon,Psychic,600,80,80,90,110,130,110,TRUE
images/468.png,380,Mega Latias,MEGA©Ô«Ò¨È´µ,Dragon,Psychic,700,80,100,120,140,150,110,TRUE
images/469.png,381,Latios,©Ô«Ò¼Ú´µ,Dragon,Psychic,600,80,90,80,130,110,110,TRUE
images/470.png,381,Mega Latios,MEGA©Ô«Ò¼Ú´µ,Dragon,Psychic,700,80,130,100,160,120,110,TRUE
images/471.png,382,Kyogre,»\¼Ú¥d,Water,,670,100,100,90,150,140,90,TRUE
images/472.png,382,Primal Kyogre,­ì©l»\¼Ú¥d,Water,,770,100,150,90,180,160,90,TRUE
images/473.png,383,Groudon,©T©Ô¦h,Ground,,670,100,150,140,100,90,90,TRUE
images/474.png,383,Primal Groudon,­ì©l©T©Ô¦h,Ground,Fire,770,100,180,160,150,90,90,TRUE
images/475.png,384,Rayquaza,¯PªÅ§¤,Dragon,Flying,680,105,150,90,150,90,95,TRUE
images/476.png,384,Mega Rayquaza,MEGA¯PªÅ§¤,Dragon,Flying,780,105,180,100,180,100,115,TRUE
images/477.png,385,Jirachi,°ò©Ô¬è,Steel,Psychic,600,100,100,100,100,100,100,TRUE
images/478.png,386,Deoxys Normal Forme,¥N¼Ú©_§Æ´µ ´¶³q«¬ºA,Psychic,,600,50,150,50,150,50,150,TRUE
images/479.png,386,Deoxys Attack Forme,¥N¼Ú©_§Æ´µ §ðÀ»§ÎºA,Psychic,,600,50,180,20,180,20,150,TRUE
images/480.png,386,Deoxys Defense Forme,¥N¼Ú©_§Æ´µ ¨¾¿m§ÎºA,Psychic,,600,50,70,160,70,160,90,TRUE
images/481.png,386,Deoxys Speed Forme,¥N¼Ú©_§Æ´µ ³t«×§ÎºA,Psychic,,600,50,95,90,95,90,180,TRUE
images/482.png,387,Turtwig,¯ó­]Àt,Grass,,318,55,68,64,45,55,31,FALSE
images/483.png,388,Grotle,¾ðªLÀt,Grass,,405,75,89,85,55,65,36,FALSE
images/484.png,389,Torterra,¤g¥xÀt,Grass,Ground,525,95,109,105,75,85,56,FALSE
images/485.png,390,Chimchar,¤p¤õµKµU,Fire,,309,44,58,44,58,44,61,FALSE
images/486.png,391,Monferno,²r¤õµU,Fire,Fighting,405,64,78,52,78,52,81,FALSE
images/487.png,392,Infernape,¯PµKµU,Fire,Fighting,534,76,104,71,104,71,108,FALSE
images/488.png,393,Piplup,ªi¥[°Ò,Water,,314,53,51,53,61,56,40,FALSE
images/489.png,394,Prinplup,ªi¬Ó¤l,Water,,405,64,66,68,81,76,50,FALSE
images/490.png,395,Empoleon,«Ò¤ý®³ªi,Water,Steel,530,84,86,88,111,101,60,FALSE
images/491.png,396,Starly,©i§J¨à,Normal,Flying,245,40,55,30,30,30,60,FALSE
images/492.png,397,Staravia,©i§J³¾,Normal,Flying,340,55,75,50,40,40,80,FALSE
images/493.png,398,Staraptor,©i§JÆN,Normal,Flying,485,85,120,70,50,60,100,FALSE
images/494.png,399,Bidoof,¤j¤ú¯W,Normal,,250,59,45,40,35,40,31,FALSE
images/495.png,400,Bibarel,¤j§À¯W,Normal,Water,410,79,85,60,55,60,71,FALSE
images/496.png,401,Kricketot,¶êªk®v,Bug,,194,37,25,41,25,41,25,FALSE
images/497.png,402,Kricketune,­µ½cÁ¬,Bug,,384,77,85,51,55,51,65,FALSE
images/498.png,403,Shinx,¤p¿ß©Ç,Electric,,263,45,65,34,40,34,45,FALSE
images/499.png,404,Luxio,°Ç§J¿ß,Electric,,363,60,85,49,60,49,60,FALSE
images/500.png,405,Luxray,­Ûµ^¿ß,Electric,,523,80,120,79,95,79,70,FALSE
images/501.png,406,Budew,§t²Û­c,Grass,Poison,280,40,30,35,50,70,55,FALSE
images/502.png,407,Roserade,Ã¹µ·¹p¦·,Grass,Poison,515,60,70,65,125,105,90,FALSE
images/503.png,408,Cranidos,ÀY»\Às,Rock,,350,67,125,40,30,30,58,FALSE
images/504.png,409,Rampardos,¾ÔºlÀs,Rock,,495,97,165,60,65,50,58,FALSE
images/505.png,410,Shieldon,¬Þ¥ÒÀs,Rock,Steel,350,30,42,118,42,88,30,FALSE
images/506.png,411,Bastiodon,Å@«°Às,Rock,Steel,495,60,52,168,47,138,30,FALSE
images/507.png,412,Burmy Plant Cloak,µ²¯ó¨à ¯ó¤ì»b¦ç,Bug,,224,40,29,45,29,45,36,FALSE
images/508.png,412,Burmy Sandy Cloak,µ²¯ó¨à ¬â¤g»b¦ç,Bug,,224,40,29,45,29,45,36,FALSE
images/509.png,412,Burmy Trash Cloak,µ²¯ó¨à ©U§£»b¦ç,Bug,,224,40,29,45,29,45,36,FALSE
images/510.png,413,Wormadam Plant Cloak,µ²¯ó¶Q°ü ¯ó¤ì»b¦ç,Bug,Grass,424,60,59,85,79,105,36,FALSE
images/511.png,413,Wormadam Sandy Cloak,µ²¯ó¶Q°ü ¬â¤g»b¦ç,Bug,Ground,424,60,79,105,59,85,36,FALSE
images/512.png,413,Wormadam Trash Cloak,µ²¯ó¶Q°ü ©U§£»b¦ç,Bug,Steel,424,60,69,95,69,95,36,FALSE
images/513.png,414,Mothim,²Ô¤h¸¿,Bug,Flying,424,70,94,50,94,50,66,FALSE
images/514.png,415,Combee,¤T»e¸Á,Bug,Flying,244,30,30,42,30,42,70,FALSE
images/515.png,416,Vespiquen,¸Á¤k¤ý,Bug,Flying,474,70,80,102,80,102,40,FALSE
images/516.png,417,Pachirisu,©¬©_§Q¯÷,Electric,,405,60,45,70,45,90,95,FALSE
images/517.png,418,Buizel,ªa°éÃ^,Water,,330,55,65,35,60,30,85,FALSE
images/518.png,419,Floatzel,¯B¼çÃ^,Water,,495,85,105,55,85,50,115,FALSE
images/519.png,420,Cherubi,ÄåªáÄ_,Grass,,275,45,35,45,62,53,35,FALSE
images/520.png,421,Cherrim,Äåªá¨à,Grass,,450,70,60,70,87,78,85,FALSE
images/521.png,422,Shellos,µL´ß®ü¨ß,Water,,325,76,48,48,57,62,34,FALSE
images/522.png,423,Gastrodon,®ü¨ßÃ~,Water,Ground,475,111,83,68,92,82,39,FALSE
images/523.png,424,Ambipom,Âù§À©Ç¤â,Normal,,482,75,100,66,60,66,115,FALSE
images/524.png,425,Drifloon,ÄÆÄÆ²y,Ghost,Flying,348,90,50,34,60,44,70,FALSE
images/525.png,426,Drifblim,ÀH­·²y,Ghost,Flying,498,150,80,44,90,54,80,FALSE
images/526.png,427,Buneary,±²±²¦Õ,Normal,,350,55,66,44,44,56,85,FALSE
images/527.png,428,Lopunny,ªø¦Õ¨ß,Normal,,480,65,76,84,54,96,105,FALSE
images/528.png,428,Lopunny Mega Lopunny,MEGAªø¦Õ¨ß,Normal,Fighting,580,65,136,94,54,96,135,FALSE
images/529.png,429,Mismagius,¹Ú§¯Å],Ghost,,495,60,60,60,105,105,105,FALSE
images/530.png,430,Honchkrow,¯Q¾~ÀYÀY,Dark,Flying,505,100,125,52,105,52,71,FALSE
images/531.png,431,Glameow,¾y¤OØp,Normal,,310,49,55,42,42,37,85,FALSE
images/532.png,432,Purugly,ªF¬IØp,Normal,,452,71,82,64,64,59,112,FALSE
images/533.png,433,Chingling,¹aÅLÅT,Psychic,,285,45,30,50,65,50,45,FALSE
images/534.png,434,Stunky,¯äÃ^¼P,Poison,Dark,329,63,63,47,41,41,74,FALSE
images/535.png,435,Skuntank,©Z§J¯äÃ^,Poison,Dark,479,103,93,67,71,61,84,FALSE
images/536.png,436,Bronzor,»ÉÃè©Ç,Steel,Psychic,300,57,24,86,24,86,23,FALSE
images/537.png,437,Bronzong,«C»ÉÄÁ,Steel,Psychic,500,67,89,116,79,116,33,FALSE
images/538.png,438,Bonsly,¬Ö¤~©Ç,Rock,,290,50,80,95,10,45,10,FALSE
images/539.png,439,Mime Jr.,Å]¥§¥§,Psychic,Fairy,310,20,25,45,70,90,60,FALSE
images/540.png,440,Happiny,¤pºÖ³J,Normal,,220,100,5,5,15,65,30,FALSE
images/541.png,441,Chatot,µÁ¾¸³¾,Normal,Flying,411,76,65,45,92,42,91,FALSE
images/542.png,442,Spiritomb,ªá©¥©Ç,Ghost,Dark,485,50,92,108,92,108,35,FALSE
images/543.png,443,Gible,¶ê³°ÃT,Dragon,Ground,300,58,70,45,40,45,42,FALSE
images/544.png,444,Gabite,¦y¤ú³°ÃT,Dragon,Ground,410,68,90,65,50,55,82,FALSE
images/545.png,445,Garchomp,¯P«r³°ÃT,Dragon,Ground,600,108,130,95,80,85,102,FALSE
images/546.png,445,Mega Garchomp,MEGA¯P«r³°ÃT,Dragon,Ground,700,108,170,115,120,95,92,FALSE
images/547.png,446,Munchlax,¤p¥d¤ñÃ~,Normal,,390,135,85,40,40,85,5,FALSE
images/548.png,447,Riolu,§Q¼Ú¸ô,Fighting,,285,40,70,40,35,40,60,FALSE
images/549.png,448,Lucario,¸ô¥d§Q¼Ú,Fighting,Steel,525,70,110,70,115,70,90,FALSE
images/550.png,448,Mega Lucario,MEGA¸ô¥d§Q¼Ú,Fighting,Steel,625,70,145,88,140,70,112,FALSE
images/551.png,449,Hippopotas,¨Fªe°¨,Ground,,330,68,72,78,38,42,32,FALSE
images/552.png,450,Hippowdon,ªe°¨Ã~,Ground,,525,108,112,118,68,72,47,FALSE
images/553.png,451,Skorupi,¹X§ÀÃÈ,Poison,Bug,330,40,50,90,30,55,65,FALSE
images/554.png,452,Drapion,Às¤ýÃÈ,Poison,Dark,500,70,90,110,60,75,95,FALSE
images/555.png,453,Croagunk,¤£¨}µì,Poison,Fighting,300,48,61,40,61,40,50,FALSE
images/556.png,454,Toxicroak,¬r¾uµì,Poison,Fighting,490,83,106,65,86,65,85,FALSE
images/557.png,455,Carnivine,¦y¤úÅ¢,Grass,,454,74,100,72,90,72,46,FALSE
images/558.png,456,Finneon,¿Ã¥ú³½,Water,,330,49,49,56,49,61,66,FALSE
images/559.png,457,Lumineon,ÀO­i³½,Water,,460,69,69,76,69,86,91,FALSE
images/560.png,458,Mantyke,¤p²y­¸³½,Water,Flying,345,45,20,50,60,120,50,FALSE
images/561.png,459,Snover,³·²Á©Ç,Grass,Ice,334,60,62,50,62,60,40,FALSE
images/562.png,460,Abomasnow,¼É³·¤ý,Grass,Ice,494,90,92,75,92,85,60,FALSE
images/563.png,460,Mega Abomasnow,MEGA¼É³·¤ý,Grass,Ice,594,90,132,105,132,105,30,FALSE
images/564.png,461,Weavile,º¿Ëc©Ô,Dark,Ice,510,70,120,65,45,85,125,FALSE
images/565.png,462,Magnezone,¦ÛÃzºÏ©Ç,Electric,Steel,535,70,70,115,130,90,60,FALSE
images/566.png,463,Lickilicky,¤j¦Þ»Q,Normal,,515,110,85,95,80,95,50,FALSE
images/567.png,464,Rhyperior,¶W¥Ò¨gµR,Ground,Rock,535,115,140,130,55,55,40,FALSE
images/568.png,465,Tangrowth,¥¨½¯ÃÃ,Grass,,535,100,100,125,110,50,50,FALSE
images/569.png,466,Electivire,¹qÀ»Å]Ã~,Electric,,540,75,123,67,95,85,95,FALSE
images/570.png,467,Magmortar,Àn¼Lª¢Ã~,Fire,,540,75,95,67,125,95,83,FALSE
images/571.png,468,Togekiss,ªi§J°ò´µ,Fairy,Flying,545,85,50,95,120,115,80,FALSE
images/572.png,469,Yanmega,»·¥j¥¨¸»,Bug,Flying,515,86,76,86,116,56,95,FALSE
images/573.png,470,Leafeon,¸­¥ì¥¬,Grass,,525,65,110,130,60,65,95,FALSE
images/574.png,471,Glaceon,¦B¥ì¥¬,Ice,,525,65,60,110,130,95,65,FALSE
images/575.png,472,Gliscor,¤ÑÃÈ¤ý,Ground,Flying,510,75,95,125,45,75,95,FALSE
images/576.png,473,Mamoswine,¶H¤ú½Þ,Ice,Ground,530,110,130,80,70,60,80,FALSE
images/577.png,474,Porygon-Z,¦hÃäÃ~¢è,Normal,,535,85,80,70,135,75,90,FALSE
images/578.png,475,Gallade,¦ã¸ô¹p¦·,Psychic,Fighting,518,68,125,65,65,115,80,FALSE
images/579.png,475,Mega Gallade,MEGA¦ã¸ô¹p¦·,Psychic,Fighting,618,68,165,95,65,115,110,FALSE
images/580.png,476,Probopass,¤j´Â¥_»ó,Rock,Steel,525,60,55,145,75,150,40,FALSE
images/581.png,477,Dusknoir,¶Â©]Å]ÆF,Ghost,,525,45,100,135,65,135,45,FALSE
images/582.png,478,Froslass,³·§¯¤k,Ice,Ghost,480,70,80,70,80,70,110,FALSE
images/583.png,479,Rotom,¬¥¦«©i,Electric,Ghost,440,50,50,77,95,77,91,FALSE
images/584.png,479,Rotom Heat Rotom,¥[¼ö¬¥¦«©i,Electric,Fire,520,50,65,107,105,107,86,FALSE
images/585.png,479,Rotom Wash Rotom,²M¬~¬¥¦«©i,Electric,Water,520,50,65,107,105,107,86,FALSE
images/586.png,479,Rotom Frost Rotom,µ²¦B¬¥¦«©i,Electric,Ice,520,50,65,107,105,107,86,FALSE
images/587.png,479,Rotom Fan Rotom,±ÛÂà¬¥¦«©i,Electric,Flying,520,50,65,107,105,107,86,FALSE
images/588.png,479,Rotom Mow Rotom,¤Á³Î¬¥¦«©i,Electric,Grass,520,50,65,107,105,107,86,FALSE
images/589.png,480,Uxie,¥Ñ§J§Æ,Psychic,,580,75,75,130,75,130,95,TRUE
images/590.png,481,Mesprit,¦ã©i§Q¦h,Psychic,,580,80,105,105,105,105,80,TRUE
images/591.png,482,Azelf,¨È§J¿Õ©i,Psychic,,580,75,125,70,125,70,115,TRUE
images/592.png,483,Dialga,«Ò¤ú¿c¥d,Steel,Dragon,680,100,120,120,150,100,90,TRUE
images/593.png,483,Dialga Origin Forme,«Ò¤ú¿c¥d °_·½§ÎºA,Steel,Dragon,680,100,100,120,150,120,90,TRUE
images/594.png,484,Palkia,©¬¸ô©_¨È,Water,Dragon,680,90,120,100,150,120,100,TRUE
images/595.png,484,Palkia Origin Forme,©¬¸ô©_¨È °_·½§ÎºA,Water,Dragon,680,90,100,100,150,120,120,TRUE
images/596.png,485,Heatran,®u¦hÂÅ®¦,Fire,Steel,600,91,90,106,130,106,77,FALSE
images/597.png,486,Regigigas,¹p¦N©_¥d´µ,Normal,,670,110,160,110,80,110,100,TRUE
images/598.png,487,Giratina Altered Forme,ÃM©Ô«Ò¯Ç §OºØ§ÎºA,Ghost,Dragon,680,150,100,120,100,120,90,TRUE
images/599.png,487,Giratina Origin Forme,ÃM©Ô«Ò¯Ç °_·½§ÎºA,Ghost,Dragon,680,150,120,100,120,100,90,TRUE
images/600.png,488,Cresselia,§J¹p¦â§Q¨È,Psychic,,580,120,70,110,75,120,85,TRUE
images/601.png,489,Phione,ÀP¼Ú¯Ç,Water,,480,80,80,80,80,80,80,TRUE
images/602.png,490,Manaphy,º¿¯ÇÀP,Water,,600,100,100,100,100,100,100,TRUE
images/603.png,491,Darkrai,¹F§JµÜ¥ì,Dark,,600,70,90,90,135,90,125,TRUE
images/604.png,492,Shaymin Land Forme,ÁÂ¦Ì ³°¤W§ÎºA,Grass,,600,100,100,100,100,100,100,TRUE
images/605.png,492,Shaymin Sky Forme,ÁÂ¦Ì ¤ÑªÅ§ÎºA,Grass,Flying,600,100,103,75,120,75,127,TRUE
images/606.png,493,Arceus,ªüº¸©z´µ,Normal,,720,120,120,120,120,120,120,TRUE
images/607.png,494,Victini,¤ñ§J´£¥§,Psychic,Fire,600,100,100,100,100,100,100,TRUE
images/608.png,495,Snivy,ÃÃÃÃ³D,Grass,,308,45,45,55,45,55,63,FALSE
images/609.png,496,Servine,«CÃÃ³D,Grass,,413,60,60,75,60,75,83,FALSE
images/610.png,497,Serperior,§g¥D³D,Grass,,528,75,75,95,75,95,113,FALSE
images/611.png,498,Tepig,·x·x½Þ,Fire,,308,65,63,45,45,45,45,FALSE
images/612.png,499,Pignite,ª£ª£½Þ,Fire,Fighting,418,90,93,55,70,55,55,FALSE
images/613.png,500,Emboar,ª¢ªZ¤ý,Fire,Fighting,528,110,123,65,100,65,65,FALSE
images/614.png,501,Oshawott,¤ô¤ôÃ¡,Water,,308,55,55,45,63,45,45,FALSE
images/615.png,502,Dewott,Âù¤b¤Y,Water,,413,75,75,60,83,60,60,FALSE
images/616.png,503,Samurott,¤j¼C°­,Water,,528,95,100,85,108,70,70,FALSE
images/617.png,503,Hisuian Samurott,¤j¼C°­ ¬~»Aªº¼Ë¤l,Water,Dark,528,90,108,80,100,65,85,FALSE
images/618.png,504,Patrat,±´±´¹«,Normal,,255,45,55,39,35,39,42,FALSE
images/619.png,505,Watchog,¨B­ï¹«,Normal,,420,60,85,69,60,69,77,FALSE
images/620.png,506,Lillipup,¤p¬ù§J,Normal,,275,45,60,45,25,45,55,FALSE
images/621.png,507,Herdier,«¢¬ù§J,Normal,,370,65,80,65,35,65,60,FALSE
images/622.png,508,Stoutland,ªø¤òª¯,Normal,,500,85,110,90,45,90,80,FALSE
images/623.png,509,Purrloin,¥¶¤â¿ß,Dark,,281,41,50,37,50,37,66,FALSE
images/624.png,510,Liepard,»Å°\,Dark,,446,64,88,50,88,50,106,FALSE
images/625.png,511,Pansage,ªá·¦µU,Grass,,316,50,53,48,53,48,64,FALSE
images/626.png,512,Simisage,ªá·¦·á,Grass,,498,75,98,63,98,63,101,FALSE
images/627.png,513,Pansear,Ãz­»µU,Fire,,316,50,53,48,53,48,64,FALSE
images/628.png,514,Simisear,Ãz­»·á,Fire,,498,75,98,63,98,63,101,FALSE
images/629.png,515,Panpour,§N¤ôµU,Water,,316,50,53,48,53,48,64,FALSE
images/630.png,516,Simipour,§N¤ô·á,Water,,498,75,98,63,98,63,101,FALSE
images/631.png,517,Munna,­¹¹Ú¹Ú,Psychic,,292,76,25,45,67,55,24,FALSE
images/632.png,518,Musharna,¹Ú¹Ú»k,Psychic,,487,116,55,85,107,95,29,FALSE
images/633.png,519,Pidove,¨§¨§ÂF,Normal,Flying,264,50,55,50,36,30,43,FALSE
images/634.png,520,Tranquill,©B©BÂF,Normal,Flying,358,62,77,62,50,42,65,FALSE
images/635.png,521,Unfezant,°ª¶Æ¹nÂû,Normal,Flying,488,80,115,80,65,55,93,FALSE
images/636.png,522,Blitzle,´³´³°¨,Electric,,295,45,60,32,50,32,76,FALSE
images/637.png,523,Zebstrika,¹p¹q´³°¨,Electric,,497,75,100,63,80,63,116,FALSE
images/638.png,524,Roggenrola,¥Û¤Y¤l,Rock,,280,55,75,85,25,25,15,FALSE
images/639.png,525,Boldore,¦a¹÷©¥,Rock,,390,70,105,105,50,40,20,FALSE
images/640.png,526,Gigalith,Ãe©¥©Ç,Rock,,515,85,135,130,60,80,25,FALSE
images/641.png,527,Woobat,ºuºu½¿½»,Psychic,Flying,323,65,45,43,55,43,72,FALSE
images/642.png,528,Swoobat,¤ß½¿½»,Psychic,Flying,425,67,57,55,77,55,114,FALSE
images/643.png,529,Drilbur,Á³°v¦a¹«,Ground,,328,60,85,40,30,45,68,FALSE
images/644.png,530,Excadrill,ÀsÀY¦a¹«,Ground,Steel,508,110,135,60,50,65,88,FALSE
images/645.png,531,Audino,®t¤£¦h«½«½,Normal,,445,103,60,86,60,86,50,FALSE
images/646.png,531,Mega Audino,MEGA®t¤£¦h«½«½,Normal,Fairy,545,103,60,126,80,126,50,FALSE
images/647.png,532,Timburr,·h¹B¤p¦K,Fighting,,305,75,80,55,25,35,35,FALSE
images/648.png,533,Gurdurr,ÅK°©¤g¤H,Fighting,,405,85,105,85,40,50,40,FALSE
images/649.png,534,Conkeldurr,­×«Ø¦Ñ¦K,Fighting,,505,105,140,95,55,65,45,FALSE
images/650.png,535,Tympole,¶ê½Á°B,Water,,294,50,50,40,50,40,64,FALSE
images/651.png,536,Palpitoad,ÂÅÃÊßï,Water,Ground,384,75,65,55,65,55,69,FALSE
images/652.png,537,Seismitoad,ÃÊßï¤ý,Water,Ground,509,105,95,75,85,75,74,FALSE
images/653.png,538,Throh,§ëºL°­,Fighting,,465,120,100,85,30,85,45,FALSE
images/654.png,539,Sawk,¥´À»°­,Fighting,,465,75,125,75,30,75,85,FALSE
images/655.png,540,Sewaddle,ÂÎÄ_¥],Bug,Grass,310,45,53,70,40,60,42,FALSE
images/656.png,541,Swadloon,Ä_¥]Ãµ,Bug,Grass,380,55,63,90,50,80,42,FALSE
images/657.png,542,Leavanny,«O¥ÀÂÎ,Bug,Grass,500,75,103,80,70,80,92,FALSE
images/658.png,543,Venipede,¦Ê¨¬¸¼°G,Bug,Poison,260,30,45,59,30,39,57,FALSE
images/659.png,544,Whirlipede,¨®½ü²A,Bug,Poison,360,40,55,99,40,79,47,FALSE
images/660.png,545,Scolipede,¸¼°G¤ý,Bug,Poison,485,60,100,89,55,69,112,FALSE
images/661.png,546,Cottonee,¤ì´Ö²y,Grass,Fairy,280,40,27,60,37,50,66,FALSE
images/662.png,547,Whimsicott,­·§¯ºë,Grass,Fairy,480,60,67,85,77,75,116,FALSE
images/663.png,548,Petilil,¦Ê¦X®Ú«½«½,Grass,,280,45,35,50,70,50,30,FALSE
images/664.png,549,Lilligant,¸È¨à¤p©j,Grass,,480,70,60,75,110,75,90,FALSE
images/665.png,549,Hisuian Lilligant,¸È¨à¤p©j ¬~»Aªº¼Ë¤l,Grass,Fighting,480,70,105,75,50,75,105,FALSE
images/666.png,550,Basculin Red-Striped Form,³¥ÆZÆt³½ ¬õ±ø¯¾ªº¼Ë¤l,Water,,460,70,92,65,80,55,98,FALSE
images/667.png,550,Basculin Blue-Striped Form,³¥ÆZÆt³½ ÂÅ±ø¯¾ªº¼Ë¤l,Water,,460,70,92,65,80,55,98,FALSE
images/668.png,550,Basculin White-Striped Form,³¥ÆZÆt³½ ¥Õ±ø¯¾ªº¼Ë¤l,Water,,460,70,92,65,80,55,98,FALSE
images/669.png,551,Sandile,¶Â²´Æs,Ground,Dark,292,50,72,35,35,35,65,FALSE
images/670.png,552,Krokorok,²V²VÆs,Ground,Dark,351,60,82,45,45,45,74,FALSE
images/671.png,553,Krookodile,¬yª]Æs,Ground,Dark,519,95,117,80,65,70,92,FALSE
images/672.png,554,Darumaka,¤õ¬õ¤£­Ë¯Î,Fire,,315,70,90,45,15,45,50,FALSE
images/673.png,554,Galarian Darumaka,¤õ¬õ¤£­Ë¯Î ¦÷°Çº¸ªº¼Ë¤l,Ice,,315,70,90,45,15,45,50,FALSE
images/674.png,555,Darmanitan Standard Mode,¹F¼¯ÍaÍa (´¶³q¼Ò¦¡),Fire,,480,105,140,55,30,55,95,FALSE
images/675.png,555,Darmanitan Zen Mode,¹F¼¯ÍaÍa (¹F¼¯¼Ò¦¡),Fire,Psychic,540,105,30,105,140,105,55,FALSE
images/676.png,555,Galarian Darmanitan Standard Mode,¹F¼¯ÍaÍa ¦÷°Çº¸ªº¼Ë¤l (´¶³q¼Ò¦¡),Ice,,480,105,140,55,30,55,95,FALSE
images/677.png,555,Galarian Darmanitan Zen Mode,¹F¼¯ÍaÍa ¦÷°Çº¸ªº¼Ë¤l (¹F¼¯¼Ò¦¡),Ice,Fire,540,105,160,55,30,55,135,FALSE
images/678.png,556,Maractus,¨F¹a¥P¤H´x,Grass,,461,75,86,67,106,67,60,FALSE
images/679.png,557,Dwebble,¥Û©~ÃÉ,Bug,Rock,325,50,65,85,35,35,55,FALSE
images/680.png,558,Crustle,©¥·µ©~ÃÉ,Bug,Rock,485,70,105,125,65,75,45,FALSE
images/681.png,559,Scraggy,·Æ·Æ¤p¤l,Dark,Fighting,348,50,75,70,35,70,48,FALSE
images/682.png,560,Scrafty,ÀY¤y²V²V,Dark,Fighting,488,65,90,115,45,115,58,FALSE
images/683.png,561,Sigilyph,¶H¼x³¾,Psychic,Flying,490,72,58,80,103,80,97,FALSE
images/684.png,562,Yamask,­ú­ú­±¨ã,Ghost,,303,38,30,85,55,65,30,FALSE
images/685.png,562,Galarian Yamask,­ú­ú­±¨ã ¦÷°Çº¸ªº¼Ë¤l,Ground,Ghost,303,38,55,85,30,65,30,FALSE
images/686.png,563,Cofagrigus,¦º¯«´Ã,Ghost,,483,58,50,145,95,105,30,FALSE
images/687.png,564,Tirtouga,­ì»\®üÀt,Water,Rock,355,54,78,103,53,45,22,FALSE
images/688.png,565,Carracosta,¦Ø°©®üÀt,Water,Rock,495,74,108,133,83,65,32,FALSE
images/689.png,566,Archen,©l¯ª¤p³¾,Rock,Flying,401,55,112,45,74,45,70,FALSE
images/690.png,567,Archeops,©l¯ª¤j³¾,Rock,Flying,567,75,140,65,112,65,110,FALSE
images/691.png,568,Trubbish,¯}¯}³U,Poison,,329,50,50,62,40,62,65,FALSE
images/692.png,569,Garbodor,¦Ç¹Ð¤s,Poison,,474,80,95,82,60,82,75,FALSE
images/693.png,570,Zorua,¯ÁÃ¹¨È,Dark,,330,40,65,40,80,40,65,FALSE
images/694.png,570,Hisuian Zorua,¯ÁÃ¹¨È ¬~»Aªº¼Ë¤l,Normal,Ghost,330,35,60,40,85,40,70,FALSE
images/695.png,571,Zoroark,¯ÁÃ¹¨È§J,Dark,,510,60,105,60,120,60,105,FALSE
images/696.png,571,Hisuian Zoroark,¯ÁÃ¹¨È§J ¬~»Aªº¼Ë¤l,Normal,Ghost,510,55,100,60,125,60,110,FALSE
images/697.png,572,Minccino,ªwªj®ß¹«,Normal,,300,55,50,40,40,40,75,FALSE
images/698.png,573,Cinccino,©_¿Õ®ß¹«,Normal,,470,75,95,60,65,60,115,FALSE
images/699.png,574,Gothita,­ô¼wÄ_Ä_,Psychic,,290,45,30,50,55,65,45,FALSE
images/700.png,575,Gothorita,­ô¼w¤pµ£,Psychic,,390,60,45,70,75,85,55,FALSE
images/701.png,576,Gothitelle,­ô¼w¤p©j,Psychic,,490,70,55,95,95,110,65,FALSE
images/702.png,577,Solosis,³æ§Z²Ó­M²y,Psychic,,290,45,30,40,105,50,20,FALSE
images/703.png,578,Duosion,Âù§Z²Ó­M²y,Psychic,,370,65,40,50,125,60,30,FALSE
images/704.png,579,Reuniclus,¤H³y²Ó­M§Z,Psychic,,490,110,65,75,125,85,30,FALSE
images/705.png,580,Ducklett,ÀnÄ_Ä_,Water,Flying,305,62,44,50,44,50,55,FALSE
images/706.png,581,Swanna,»R¤ÑÃZ,Water,Flying,473,75,87,63,87,63,98,FALSE
images/707.png,582,Vanillite,°g§A¦B,Ice,,305,36,50,50,65,60,44,FALSE
images/708.png,583,Vanillish,¦h¦h¦B,Ice,,395,51,65,65,80,75,59,FALSE
images/709.png,584,Vanilluxe,Âù­¿¦h¦h¦B,Ice,,535,71,95,85,110,95,79,FALSE
images/710.png,585,Deerling,¥|©u³À,Normal,Grass,335,60,60,50,40,50,75,FALSE
images/711.png,586,Sawsbuck,µÞªÞ³À,Normal,Grass,475,80,100,70,60,70,95,FALSE
images/712.png,587,Emolga,¹q­¸¹«,Electric,Flying,428,55,75,60,75,60,103,FALSE
images/713.png,588,Karrablast,»\»\ÂÎ,Bug,,315,50,75,45,40,45,60,FALSE
images/714.png,589,Escavalier,ÃM¤h½½¤û,Bug,Steel,495,70,135,105,60,105,20,FALSE
images/715.png,590,Foongus,«u§r²yÛ£,Grass,Poison,294,69,55,45,55,55,15,FALSE
images/716.png,591,Amoonguss,±ÑÅS²yÛ£,Grass,Poison,464,114,85,70,85,80,30,FALSE
images/717.png,592,Frillish,»´ÄÆÄÆ,Water,Ghost,335,55,40,50,65,85,40,FALSE
images/718.png,593,Jellicent,­D¹Ê¹Ê,Water,Ghost,480,100,60,70,85,105,60,FALSE
images/719.png,594,Alomomola,«O¥À°Òªi,Water,,470,165,75,80,40,45,65,FALSE
images/720.png,595,Joltik,¹q¹qÂÎ,Bug,Electric,319,50,47,50,57,50,65,FALSE
images/721.png,596,Galvantula,¹q»jµï,Bug,Electric,472,70,77,60,97,60,108,FALSE
images/722.png,597,Ferroseed,ºØ¤lÅK²y,Grass,Steel,305,44,50,91,24,86,10,FALSE
images/723.png,598,Ferrothorn,°íªG°×¹a,Grass,Steel,489,74,94,131,54,116,20,FALSE
images/724.png,599,Klink,¾¦½ü¨à,Steel,,300,40,55,70,45,60,30,FALSE
images/725.png,600,Klang,¾¦½ü²Õ,Steel,,440,60,80,95,70,85,50,FALSE
images/726.png,601,Klinklang,¾¦½ü©Ç,Steel,,520,60,100,115,70,85,90,FALSE
images/727.png,602,Tynamo,³Â³Â¤p³½,Electric,,275,35,55,40,45,40,60,FALSE
images/728.png,603,Eelektrik,³Â³ÂÅÁ,Electric,,405,65,85,70,75,70,40,FALSE
images/729.png,604,Eelektross,³Â³ÂÅÁ³½¤ý,Electric,,515,85,115,80,105,80,50,FALSE
images/730.png,605,Elgyem,¤p¦Ç©Ç,Psychic,,335,55,55,55,85,55,30,FALSE
images/731.png,606,Beheeyem,¤j¦t©Ç,Psychic,,485,75,75,75,125,95,40,FALSE
images/732.png,607,Litwick,Àë¥úÆF,Ghost,Fire,275,50,30,55,65,55,20,FALSE
images/733.png,608,Lampent,¿O¤õ«ÕÆF,Ghost,Fire,370,60,40,60,95,60,55,FALSE
images/734.png,609,Chandelure,¤ô´¹¿O¤õÆF,Ghost,Fire,520,60,55,90,145,90,80,FALSE
images/735.png,610,Axew,¤ú¤ú,Dragon,,320,46,87,60,30,40,57,FALSE
images/736.png,611,Fraxure,©ò¤úÀs,Dragon,,410,66,117,70,40,50,67,FALSE
images/737.png,612,Haxorus,Âù©ò¾ÔÀs,Dragon,,540,76,147,90,60,70,97,FALSE
images/738.png,613,Cubchoo,¼QÀ¡ºµ,Ice,,305,55,70,40,60,40,40,FALSE
images/739.png,614,Beartic,­á­ìºµ,Ice,,505,95,130,80,70,80,50,FALSE
images/740.png,615,Cryogonal,´X¦ó³·ªá,Ice,,515,80,50,50,95,135,105,FALSE
images/741.png,616,Shelmet,¤p¼L½½,Bug,,305,50,40,85,40,65,25,FALSE
images/742.png,617,Accelgor,±Ó±¶ÂÎ,Bug,,495,80,70,40,100,60,145,FALSE
images/743.png,618,Stunfisk,ªd¤Ú³½,Ground,Electric,471,109,66,84,81,99,32,FALSE
images/744.png,618,Galarian Stunfisk,ªd¤Ú³½ ¦÷°Çº¸ªº¼Ë¤l,Ground,Steel,471,109,81,99,66,84,32,FALSE
images/745.png,619,Mienfoo,¥\¤ÒÃ^,Fighting,,350,45,85,50,55,50,65,FALSE
images/746.png,620,Mienshao,®v¤÷Ã^,Fighting,,510,65,125,60,95,60,105,FALSE
images/747.png,621,Druddigon,¨ª­±Às,Dragon,,485,77,120,90,60,90,48,FALSE
images/748.png,622,Golett,ªd°¸¤p¤H,Ground,Ghost,303,59,74,50,35,50,35,FALSE
images/749.png,623,Golurk,ªd°¸¥¨¤H,Ground,Ghost,483,89,124,80,55,80,55,FALSE
images/750.png,624,Pawniard,¾s¤M¤p§L,Dark,Steel,340,45,85,70,40,40,60,FALSE
images/751.png,625,Bisharp,¼A±Ù¥q¥O,Dark,Steel,490,65,125,100,60,70,70,FALSE
images/752.png,626,Bouffalant,Ãz¬µÀY¤ô¤û,Normal,,490,95,110,95,40,95,55,FALSE
images/753.png,627,Rufflet,¤òÀY¤pÆN,Normal,Flying,350,70,83,50,37,50,60,FALSE
images/754.png,628,Braviary,«i¤h¶¯ÆN,Normal,Flying,510,100,123,75,57,75,80,FALSE
images/755.png,628,Hisuian Braviary,«i¤h¶¯ÆN ¬~»Aªº¼Ë¤l,Psychic,Flying,510,110,83,70,112,70,65,FALSE
images/756.png,629,Vullaby,¨rÆN¤XÀY,Dark,Flying,370,70,55,75,45,65,60,FALSE
images/757.png,630,Mandibuzz,¨rÆN®R,Dark,Flying,510,110,65,105,55,95,80,FALSE
images/758.png,631,Heatmor,º²ÃÆÃ~,Fire,,484,85,97,66,105,66,65,FALSE
images/759.png,632,Durant,ÅKÃÆ,Bug,Steel,484,58,109,112,48,48,109,FALSE
images/760.png,633,Deino,³æ­ºÀs,Dark,Dragon,300,52,65,50,45,50,38,FALSE
images/761.png,634,Zweilous,Âù­º¼ÉÀs,Dark,Dragon,420,72,85,70,65,70,58,FALSE
images/762.png,635,Hydreigon,¤T­º´cÀs,Dark,Dragon,600,92,105,90,125,90,98,FALSE
images/763.png,636,Larvesta,¿U¿NÂÎ,Bug,Fire,360,55,85,55,50,55,60,FALSE
images/764.png,637,Volcarona,¤õ¯«¸¿,Bug,Fire,550,85,60,65,135,105,100,FALSE
images/765.png,638,Cobalion,¤Ä©¬¸ô¯Î,Steel,Fighting,580,91,90,129,90,72,108,TRUE
images/766.png,639,Terrakion,¥N©Ô°ò¯Î,Rock,Fighting,580,91,129,90,72,90,108,TRUE
images/767.png,640,Virizion,²¦¤O¦N¯Î,Grass,Fighting,580,91,90,72,90,129,108,TRUE
images/768.png,641,Tornadus Incarnate Forme,Às±²¶³ ¤Æ¨­§ÎºA,Flying,,580,79,115,70,125,80,111,TRUE
images/769.png,641,Tornadus Therian Forme,Às±²¶³ ÆFÃ~§ÎºA,Flying,,580,79,100,80,110,90,121,TRUE
images/770.png,642,Thundurus Incarnate Forme,¹p¹q¶³ ¤Æ¨­§ÎºA,Electric,Flying,580,79,115,70,125,80,111,TRUE
images/771.png,642,Thundurus Therian Forme,¹p¹q¶³ ÆFÃ~§ÎºA,Electric,Flying,580,79,105,70,145,80,101,TRUE
images/772.png,643,Reshiram,µÜ§Æ©Ô©i,Dragon,Fire,680,100,120,100,150,120,90,TRUE
images/773.png,644,Zekrom,±¶§JÃ¹©i,Dragon,Electric,680,100,150,120,120,100,90,TRUE
images/774.png,645,Landorus Incarnate Forme,¤g¦a¶³ ¤Æ¨­§ÎºA,Ground,Flying,600,89,125,90,115,80,101,TRUE
images/775.png,645,Landorus Therian Forme,¤g¦a¶³ ÆFÃ~§ÎºA,Ground,Flying,600,89,145,90,105,80,91,TRUE
images/776.png,646,Kyurem,­©¹p©i,Dragon,Ice,660,125,130,90,130,90,95,TRUE
images/777.png,646,White Kyurem,îî¶Â­©¹p©i,Dragon,Ice,700,125,120,90,170,100,95,TRUE
images/778.png,646,Black Kyurem,µK¥Õ­©¹p©i,Dragon,Ice,700,125,170,100,120,90,95,TRUE
images/779.png,647,Keldeo Ordinary Form,³Í¸ô­}¼Ú ¥­±`ªº¼Ë¤l,Water,Fighting,580,91,72,90,129,90,108,TRUE
images/780.png,647,Keldeo Resolute Form,³Í¸ô­}¼Ú Ä±®©ªº¼Ë¤l,Water,Fighting,580,91,72,90,129,90,108,TRUE
images/781.png,648,Meloetta Aria Forme,¬ü¬¥­C¶ð ºqÁn§ÎºA,Normal,Psychic,600,100,77,77,128,128,90,TRUE
images/782.png,648,Meloetta Pirouette Forme,¬ü¬¥­C¶ð »R¨B§ÎºA,Normal,Fighting,600,100,128,90,77,77,128,TRUE
images/783.png,649,Genesect,»\¿ÕÁÉ§J¯S,Bug,Steel,600,71,120,95,120,95,99,TRUE
images/784.png,650,Chespin,«¢¤O®ß,Grass,,313,56,61,65,48,45,38,FALSE
images/785.png,651,Quilladin,­D­D«¢¤O,Grass,,405,61,78,95,56,58,57,FALSE
images/786.png,652,Chesnaught,¥¬¨½¥d¶©,Grass,Fighting,530,88,107,122,74,75,64,FALSE
images/787.png,653,Fennekin,¤õª°¯W,Fire,,307,40,45,40,62,60,60,FALSE
images/788.png,654,Braixen,ªø§À¤õª°,Fire,,409,59,59,58,90,70,73,FALSE
images/789.png,655,Delphox,§¯¤õ¬õª°,Fire,Psychic,534,75,69,72,114,100,104,FALSE
images/790.png,656,Froakie,©K©Kªwµì,Water,,314,41,56,40,62,44,71,FALSE
images/791.png,657,Frogadier,©KÀYµì,Water,,405,54,63,52,83,56,97,FALSE
images/792.png,658,Greninja,¥Ò¶P§Ôµì,Water,Dark,530,72,95,67,103,71,122,FALSE
images/793.png,658,Ash-Greninja,¤p´¼ª©¥Ò¶P§Ôµì,Water,Dark,640,72,145,67,153,71,132,FALSE
images/794.png,659,Bunnelby,±¸±¸¨ß,Normal,,237,38,36,38,32,36,57,FALSE
images/795.png,660,Diggersby,±¸¦a¨ß,Normal,Ground,423,85,56,77,50,77,78,FALSE
images/796.png,661,Fletchling,¤p½b³¶,Normal,Flying,278,45,50,43,40,38,62,FALSE
images/797.png,662,Fletchinder,¤õ½b³¶,Fire,Flying,382,62,73,55,56,52,84,FALSE
images/798.png,663,Talonflame,¯P½bÆN,Fire,Flying,499,78,81,71,74,69,126,FALSE
images/799.png,664,Scatterbug,¯»½ºÂÎ,Bug,,200,38,35,40,27,25,35,FALSE
images/800.png,665,Spewpa,¯»½º¸º,Bug,,213,45,22,60,27,30,29,FALSE
images/801.png,666,Vivillon,±m¯»½º,Bug,Flying,411,80,52,50,90,50,89,FALSE
images/802.png,667,Litleo,¤p·à·à,Fire,Normal,369,62,50,58,73,54,72,FALSE
images/803.png,668,Pyroar,¤õª¢·à,Fire,Normal,507,86,68,72,109,66,106,FALSE
images/804.png,669,Flab?b?,ªá»_»_,Fairy,,303,44,38,39,61,79,42,FALSE
images/805.png,670,Floette,ªá¸­¸¦,Fairy,,371,54,45,47,75,98,52,FALSE
images/806.png,671,Florges,ªá¼ä¤Ò¤H,Fairy,,552,78,65,68,112,154,75,FALSE
images/807.png,672,Skiddo,§¤ÃM¤p¦Ï,Grass,,350,66,65,48,62,57,52,FALSE
images/808.png,673,Gogoat,§¤ÃM¤s¦Ï,Grass,,531,123,100,62,97,81,68,FALSE
images/809.png,674,Pancham,¹x¥Öºµ¿ß,Fighting,,348,67,82,62,46,48,43,FALSE
images/810.png,675,Pangoro,¬yª]ºµ¿ß,Fighting,Dark,495,95,124,78,69,71,58,FALSE
images/811.png,676,Furfrou,¦hÄR¦Ì¨È,Normal,,472,75,80,60,65,90,102,FALSE
images/812.png,677,Espurr,§®Øp,Psychic,,355,62,48,54,63,60,68,FALSE
images/813.png,678,Meowstic Male,¶W¯à§®Øp ¶¯©Êªº¼Ë¤l,Psychic,,466,74,48,76,83,81,104,FALSE
images/814.png,678,Meowstic Female,¶W¯à§®Øp »Û©Êªº¼Ë¤l,Psychic,,466,74,48,76,83,81,104,FALSE
images/815.png,679,Honedge,¿W¼CÀT,Steel,Ghost,325,45,80,100,35,37,28,FALSE
images/816.png,680,Doublade,Âù¼CÀT,Steel,Ghost,448,59,110,150,45,49,35,FALSE
images/817.png,681,Aegislash Shield Forme,°í¬Þ¼C©Ç ¬ÞµP§ÎºA,Steel,Ghost,500,60,50,140,50,140,60,FALSE
images/818.png,681,Aegislash Blade Forme,°í¬Þ¼C©Ç ¤M¼C§ÎºA,Steel,Ghost,500,60,140,50,140,50,60,FALSE
images/819.png,682,Spritzee,¯»­»­»,Fairy,,341,78,52,60,63,65,23,FALSE
images/820.png,683,Aromatisse,ªÚ­»ºë,Fairy,,462,101,72,72,99,89,29,FALSE
images/821.png,684,Swirlix,ºøºøªwªÜ,Fairy,,341,62,48,66,59,57,49,FALSE
images/822.png,685,Slurpuff,­D²¢©g,Fairy,,480,82,80,86,85,75,72,FALSE
images/823.png,686,Inkay,¦n°Õ¾{,Dark,Psychic,288,53,54,53,37,46,45,FALSE
images/824.png,687,Malamar,¯Q¸é¤ý,Dark,Psychic,482,86,92,88,68,75,73,FALSE
images/825.png,688,Binacle,Àt¸}¸},Rock,Water,306,42,52,67,39,56,50,FALSE
images/826.png,689,Barbaracle,Àt¨¬¥¨ñZ,Rock,Water,500,72,105,115,54,86,68,FALSE
images/827.png,690,Skrelp,©U©UÄ¦,Poison,Water,320,50,60,60,60,60,30,FALSE
images/828.png,691,Dragalge,¬rÄ¦Às,Poison,Dragon,494,65,75,90,97,123,44,FALSE
images/829.png,692,Clauncher,ÅKÁuºj½¼,Water,,330,50,53,62,58,63,44,FALSE
images/830.png,693,Clawitzer,¿û¬¶Áu½¼,Water,,500,71,73,88,120,89,59,FALSE
images/831.png,694,Helioptile,³Ê¹q»h,Electric,Normal,289,44,38,33,61,43,70,FALSE
images/832.png,695,Heliolisk,¥ú¹q³Ê»h,Electric,Normal,481,62,55,52,109,94,109,FALSE
images/833.png,696,Tyrunt,Ä_Ä_¼ÉÀs,Rock,Dragon,362,58,89,77,45,45,48,FALSE
images/834.png,697,Tyrantrum,©ÇÃEÀs,Rock,Dragon,521,82,121,119,69,59,71,FALSE
images/835.png,698,Amaura,¦B³·Às,Rock,Ice,362,77,59,50,67,63,46,FALSE
images/836.png,699,Aurorus,¦B³·¥¨Às,Rock,Ice,521,123,77,72,99,92,58,FALSE
images/837.png,700,Sylveon,¥P¤l¥ì¥¬,Fairy,,525,95,65,65,110,130,60,FALSE
images/838.png,701,Hawlucha,ºL¨¤ÆN¤H,Fighting,Flying,500,78,92,75,74,63,118,FALSE
images/839.png,702,Dedenne,©N©N¹«,Electric,Fairy,431,67,58,57,81,67,101,FALSE
images/840.png,703,Carbink,¤p¸HÆp,Rock,Fairy,500,50,50,150,50,150,50,FALSE
images/841.png,704,Goomy,ÂHÂHÄ_,Dragon,,300,45,50,35,55,75,40,FALSE
images/842.png,705,Sliggoo,ÂH¬ü¨à,Dragon,,452,68,75,53,83,113,60,FALSE
images/843.png,705,Hisuian Sliggoo,ÂH¬ü¨à ¬~»Aªº¼Ë¤l,Steel,Dragon,452,58,75,83,83,113,40,FALSE
images/844.png,706,Goodra,ÂH¬üÀs,Dragon,,600,90,100,70,110,150,80,FALSE
images/845.png,706,Hisuian Goodra,ÂH¬üÀs ¬~»Aªº¼Ë¤l,Steel,Dragon,600,80,100,100,110,150,60,FALSE
images/846.png,707,Klefki,Æ_°é¨à,Steel,Fairy,470,57,80,91,80,87,75,FALSE
images/847.png,708,Phantump,¤p¤ìÆF,Ghost,Grass,309,43,70,48,50,60,38,FALSE
images/848.png,709,Trevenant,¦´¤ì§¯,Ghost,Grass,474,85,110,76,65,82,56,FALSE
images/849.png,710,Pumpkaboo Average Size,«n¥Êºë ´¶³q¤Ø¤o,Ghost,Grass,335,49,66,70,44,55,51,FALSE
images/850.png,710,Pumpkaboo Small Size,«n¥Êºë ¤p¤Ø¤o,Ghost,Grass,335,44,66,70,44,55,56,FALSE
images/851.png,710,Pumpkaboo Large Size,«n¥Êºë ¤j¤Ø¤o,Ghost,Grass,335,54,66,70,44,55,46,FALSE
images/852.png,710,Pumpkaboo Super Size,«n¥Êºë ¯S¤j¤Ø¤o,Ghost,Grass,335,59,66,70,44,55,41,FALSE
images/853.png,711,Gourgeist Average Size,«n¥Ê©Ç¤H ´¶³q¤Ø¤o,Ghost,Grass,494,65,90,122,58,75,84,FALSE
images/854.png,711,Gourgeist Small Size,«n¥Ê©Ç¤H ¤p¤Ø¤o,Ghost,Grass,494,55,85,122,58,75,99,FALSE
images/855.png,711,Gourgeist Large Size,«n¥Ê©Ç¤H ¤j¤Ø¤o,Ghost,Grass,494,75,95,122,58,75,69,FALSE
images/856.png,711,Gourgeist Super Size,«n¥Ê©Ç¤H ¯S¤j¤Ø¤o,Ghost,Grass,494,85,100,122,58,75,54,FALSE
images/857.png,712,Bergmite,¦BÄ_,Ice,,304,55,69,85,32,35,28,FALSE
images/858.png,713,Avalugg,¦B©¥©Ç,Ice,,514,95,117,184,44,46,28,FALSE
images/859.png,713,Hisuian Avalugg,¦B©¥©Ç ¬~»Aªº¼Ë¤l,Ice,Rock,514,95,127,184,34,36,38,FALSE
images/860.png,714,Noibat,¶ä½»,Flying,Dragon,245,40,30,35,45,40,55,FALSE
images/861.png,715,Noivern,­µªiÀs,Flying,Dragon,535,85,70,80,97,80,123,FALSE
images/862.png,716,Xerneas,­õº¸¥§¨È´µ,Fairy,,680,126,131,95,131,98,99,TRUE
images/863.png,717,Yveltal,¥ì»pº¸¶ðº¸,Dark,Flying,680,126,131,95,131,98,99,TRUE
images/864.png,718,Zygarde 50% Forme,°ò®æº¸¼w 50%§ÎºA,Dragon,Ground,600,108,100,121,81,95,95,TRUE
images/865.png,718,Zygarde 10% Forme,°ò®æº¸¼w 10%§ÎºA,Dragon,Ground,486,54,100,71,61,85,115,TRUE
images/866.png,718,Zygarde Complete Forme,°ò®æº¸¼w §¹¥þÅé§ÎºA,Dragon,Ground,708,216,100,121,91,95,85,TRUE
images/867.png,719,Diancie,¸¦¦w§Æ,Rock,Fairy,600,50,100,150,100,150,50,TRUE
images/868.png,719,Diancie Mega Diancie,MEGA¸¦¦w§Æ,Rock,Fairy,700,50,160,110,160,110,110,TRUE
images/869.png,720,Hoopa Confined,Ãg§Ù­J©¬,Psychic,Ghost,600,80,110,60,150,130,70,TRUE
images/870.png,720,Hoopa Unbound,¸Ñ©ñ­J©¬,Psychic,Dark,680,80,160,60,170,130,80,TRUE
images/871.png,721,Volcanion,ªiº¸³Í¥§®¦,Fire,Water,600,80,110,120,130,90,70,TRUE
images/872.png,722,Rowlet,¤ì¤ì±ú,Grass,Flying,320,68,55,55,50,50,42,FALSE
images/873.png,723,Dartrix,§ë¦Ð±ú,Grass,Flying,420,78,75,75,70,70,52,FALSE
images/874.png,724,Decidueye,ª®®g¾ð±ú,Grass,Ghost,530,78,107,75,100,100,70,FALSE
images/875.png,724,Hisuian Decidueye,ª®®g¾ð±ú ¬~»Aªº¼Ë¤l,Grass,Fighting,530,88,112,80,95,95,60,FALSE
images/876.png,725,Litten,¤õ´³Øp,Fire,,320,45,65,40,60,40,70,FALSE
images/877.png,726,Torracat,ª¢¼öØp,Fire,,420,65,85,50,80,50,90,FALSE
images/878.png,727,Incineroar,¿KµK©H­ýªê,Fire,Dark,530,95,115,90,80,90,60,FALSE
images/879.png,728,Popplio,²y²y®ü·à,Water,,320,50,54,54,66,56,40,FALSE
images/880.png,729,Brionne,ªáºy®ü·à,Water,,420,60,69,69,91,81,50,FALSE
images/881.png,730,Primarina,¦è·à®ü¤Ð,Water,Fairy,530,80,74,74,126,116,60,FALSE
images/882.png,731,Pikipek,¤p¿w¨à,Normal,Flying,265,35,75,30,30,30,65,FALSE
images/883.png,732,Trumbeak,³â¥z°Ö³¾,Normal,Flying,355,55,85,50,40,50,75,FALSE
images/884.png,733,Toucannon,à¶¼L¤j³¾,Normal,Flying,485,80,120,75,75,75,60,FALSE
images/885.png,734,Yungoos,¿ßÃ^¤Ö,Normal,,253,48,70,30,30,30,45,FALSE
images/886.png,735,Gumshoos,¿ßÃ^±´ªø,Normal,,418,88,110,60,55,60,45,FALSE
images/887.png,736,Grubbin,±jÃEÂû¥ÀÂÎ,Bug,,300,47,62,45,55,45,46,FALSE
images/888.png,737,Charjabug,ÂÎ¹qÄ_,Bug,Electric,400,57,82,95,55,75,36,FALSE
images/889.png,738,Vikavolt,Áê¹A¬¶ÂÎ,Bug,Electric,500,77,70,90,145,75,43,FALSE
images/890.png,739,Crabrawler,¦n³ÓÃÉ,Fighting,,338,47,82,57,42,47,63,FALSE
images/891.png,740,Crabominable,¦n³Ó¤òÃÉ,Fighting,Ice,478,97,132,77,62,67,43,FALSE
images/892.png,741,Oricorio Baile Style,ªá»R³¾ ¼ö»¶¼ö»¶­·®æ,Fire,Flying,476,75,70,70,98,70,93,FALSE
images/893.png,741,Oricorio Pom-Pom Style,ªá»R³¾ °Ô´þ°Ô´þ­·®æ,Electric,Flying,476,75,70,70,98,70,93,FALSE
images/894.png,741,Oricorio Pa'u Style,ªá»R³¾ ©I©Ô©I©Ô­·®æ,Psychic,Flying,476,75,70,70,98,70,93,FALSE
images/895.png,741,Oricorio Sensu Style,ªá»R³¾ »´¬Õ»´¬Õ­·®æ,Ghost,Flying,476,75,70,70,98,70,93,FALSE
images/896.png,742,Cutiefly,µÞ­j,Bug,Fairy,304,40,45,40,55,40,84,FALSE
images/897.png,743,Ribombee,½ºµ²µÞ­j,Bug,Fairy,464,60,55,60,95,70,124,FALSE
images/898.png,744,Rockruff,©¥ª¯ª¯,Rock,,280,45,65,40,30,40,60,FALSE
images/899.png,744,Rockruff Own Tempo Rockruff,¯S®í©¥ª¯ª¯ (¯S©Ê¤£¦P:§Ú¦æ§Ú¯À),Rock,,280,45,65,40,30,40,60,FALSE
images/900.png,745,Lycanroc Midday Form,ÃO©¥¯T¤H ¥Õ±Þªº¼Ë¤l,Rock,,487,75,115,65,55,65,112,FALSE
images/901.png,745,Lycanroc Midnight Form,ÃO©¥¯T¤H ¶Â©]ªº¼Ë¤l,Rock,,487,85,115,75,55,75,82,FALSE
images/902.png,745,Lycanroc Dusk Form,ÃO©¥¯T¤H ¶Â©]ªº¼Ë¤l,Rock,,487,75,117,65,55,65,110,FALSE
images/903.png,746,Wishiwashi Solo Form,®z¤B³½ ³æ¿Wªº¼Ë¤l,Water,,175,45,20,20,25,25,40,FALSE
images/904.png,746,Wishiwashi School Form,®z¤B³½ ³½¸sªº¼Ë¤l,Water,,620,45,140,130,140,135,30,FALSE
images/905.png,747,Mareanie,¦nÃa¬P,Poison,Water,305,50,53,62,43,52,45,FALSE
images/906.png,748,Toxapex,¶WÃa¬P,Poison,Water,495,50,63,152,53,142,35,FALSE
images/907.png,749,Mudbray,ªdÆj¥J,Ground,,385,70,100,70,45,55,45,FALSE
images/908.png,750,Mudsdale,­«ªd®¾°¨,Ground,,500,100,125,100,55,85,35,FALSE
images/909.png,751,Dewpider,ºwµï,Water,Bug,269,38,40,52,40,72,27,FALSE
images/910.png,752,Araquanid,ºwµïÅQ,Water,Bug,454,68,70,92,50,132,42,FALSE
images/911.png,753,Fomantis,°°Á®¯ó,Grass,,250,40,55,35,50,35,35,FALSE
images/912.png,754,Lurantis,ÄõÁ®ªá,Grass,,480,70,105,90,80,90,45,FALSE
images/913.png,755,Morelull,ºÎºÎÛ£,Grass,Fairy,285,40,35,55,65,75,15,FALSE
images/914.png,756,Shiinotic,¿O¸n©]Û£,Grass,Fairy,405,60,45,80,90,100,30,FALSE
images/915.png,757,Salandit,©]µs¤õ»h,Poison,Fire,320,48,44,40,71,40,77,FALSE
images/916.png,758,Salazzle,µK¦Z»h,Poison,Fire,480,68,64,60,111,60,117,FALSE
images/917.png,759,Stufful,µ£°¸ºµ,Normal,Fighting,340,70,75,50,45,50,50,FALSE
images/918.png,760,Bewear,¬ïµÛºµ,Normal,Fighting,500,120,125,80,55,60,60,FALSE
images/919.png,761,Bounsweet,²¢¦Ë¦Ë,Grass,,210,42,30,38,30,38,32,FALSE
images/920.png,762,Steenee,²¢»R©g,Grass,,290,52,40,48,40,48,62,FALSE
images/921.png,763,Tsareena,²¢§N¬ü¦Z,Grass,,510,72,120,98,50,98,72,FALSE
images/922.png,764,Comfey,ªáÀøÀôÀô,Fairy,,485,51,52,90,82,110,100,FALSE
images/923.png,765,Oranguru,´¼´§µV,Normal,Psychic,490,90,60,80,90,110,60,FALSE
images/924.png,766,Passimian,§ëÂYµU,Fighting,,490,100,120,90,40,60,80,FALSE
images/925.png,767,Wimpod,Áx¤pÂÎ,Bug,Water,230,25,35,40,20,30,80,FALSE
images/926.png,768,Golisopod,¨ã¥ÒªZªÌ,Bug,Water,530,75,125,140,60,90,40,FALSE
images/927.png,769,Sandygast,¨F¥C«½,Ghost,Ground,320,55,55,80,70,45,15,FALSE
images/928.png,770,Palossand,¾½¨F³ù·Ý,Ghost,Ground,480,85,75,110,100,75,35,FALSE
images/929.png,771,Pyukumuku,®±®ü°Ñ,Water,,410,55,60,130,30,130,5,FALSE
images/930.png,772,Type: Null,ÄÝ©Ê¡GªÅ,Normal,,534,95,95,95,95,95,59,FALSE
images/931.png,773,Silvally,»È¦ñ¾ÔÃ~,Normal,,570,95,95,95,95,95,95,FALSE
images/932.png,774,Minior Meteor Form,¤p¹k¬P ¬y¬Pªº¼Ë¤l,Rock,Flying,440,60,60,100,60,100,60,FALSE
images/933.png,774,Minior Core Form,¤p¹k¬P ®Ö¤ß,Rock,Flying,500,60,100,60,100,60,120,FALSE
images/934.png,775,Komala,¾ðªE§Àºµ,Normal,,480,65,115,65,75,95,65,FALSE
images/935.png,776,Turtonator,ÃzµKÀtÃ~,Fire,Dragon,485,60,78,135,91,85,36,FALSE
images/936.png,777,Togedemaru,¦«¤à¼wº¿º¸,Electric,Steel,435,65,98,63,40,73,96,FALSE
images/937.png,778,Mimikyu,Á¼ÀÀ¢ß,Ghost,Fairy,476,55,90,80,50,105,96,FALSE
images/938.png,779,Bruxish,¿i¤ú±m¥Ö³½,Water,Psychic,475,68,105,70,70,70,92,FALSE
images/939.png,780,Drampa,¦Ñ¯ÎÀs,Normal,Dragon,485,78,60,85,135,91,36,FALSE
images/940.png,781,Dhelmise,¯}¯}²ë½ü,Ghost,Grass,517,70,131,100,86,90,40,FALSE
images/941.png,782,Jangmo-o,¤ßÅìÄ_,Dragon,,300,45,55,65,45,45,45,FALSE
images/942.png,783,Hakamo-o,Åì¥ÒÀs,Dragon,Fighting,420,55,75,90,65,70,65,FALSE
images/943.png,784,Kommo-o,§ú§ÀÅì¥ÒÀs,Dragon,Fighting,600,75,110,125,100,105,85,FALSE
images/944.png,785,Tapu Koko,¥d¿\¡P»ï»ï,Electric,Fairy,570,70,115,85,95,75,130,TRUE
images/945.png,786,Tapu Lele,¥d¿\¡P½º½º,Psychic,Fairy,570,70,85,75,130,115,95,TRUE
images/946.png,787,Tapu Bulu,¥d¿\¡PÎNÎN,Grass,Fairy,570,70,130,115,85,95,75,TRUE
images/947.png,788,Tapu Fini,¥d¿\¡PÅ_Å_,Water,Fairy,570,70,75,115,95,130,85,TRUE
images/948.png,789,Cosmog,¬ì´µ²ö¥j,Psychic,,200,43,29,31,29,31,37,TRUE
images/949.png,790,Cosmoem,¬ì´µ²ö©i,Psychic,,400,43,29,131,29,131,37,TRUE
images/950.png,791,Solgaleo,¯Áº¸­{¹p¼Ú,Psychic,Steel,680,137,137,107,113,89,97,TRUE
images/951.png,792,Lunala,ÅS©`¶®©Ô,Psychic,Ghost,680,137,113,89,137,107,97,TRUE
images/952.png,793,Nihilego,µê§^¥ì¼w,Rock,Poison,570,109,53,47,127,131,103,TRUE
images/953.png,794,Buzzwole,Ãz¦Ù°A,Bug,Fighting,570,107,139,139,53,53,79,TRUE
images/954.png,795,Pheromosa,¶O¬¥¬ü½¸,Bug,Fighting,570,71,137,37,137,37,151,TRUE
images/955.png,796,Xurkitree,¹q§ô¤ì,Electric,,570,83,89,71,173,71,83,TRUE
images/956.png,797,Celesteela,ÅK¤õ½÷©],Steel,Flying,570,97,101,103,107,101,61,TRUE
images/957.png,798,Kartana,¯È±s¼C,Grass,Steel,570,59,181,131,59,31,109,TRUE
images/958.png,799,Guzzlord,´c­¹¤j¤ý,Dark,Dragon,570,223,101,53,97,53,43,TRUE
images/959.png,800,Necrozma,©`§J¬¥¯÷º¿ ³q±`§ÎºA,Psychic,,600,97,107,101,127,89,79,TRUE
images/960.png,800,Dusk Mane Necrozma,©`§J¬¥¯÷º¿ ¶À©ü¤§ÃO,Psychic,Steel,680,97,157,127,113,109,77,TRUE
images/961.png,800,Dawn Wings Necrozma,©`§J¬¥¯÷º¿ ©Ø¾å¤§Ál,Psychic,Ghost,680,97,113,109,157,127,77,TRUE
images/962.png,800,Ultra Necrozma,¨s·¥©`§J¬¥¯÷º¿,Psychic,Dragon,754,97,167,97,167,97,129,TRUE
images/963.png,801,Magearna,º¿¾÷¶®®R,Steel,Fairy,600,80,95,115,130,115,65,TRUE
images/964.png,802,Marshadow,º¿®L¦h,Fighting,Ghost,600,90,125,80,90,90,125,TRUE
images/965.png,803,Poipole,¬r¨©¤ñ,Poison,,420,67,73,67,73,67,73,TRUE
images/966.png,804,Naganadel,¥|ÃE°wÀs,Poison,Dragon,540,73,73,73,127,73,121,TRUE
images/967.png,805,Stakataka,ÂS½U¥Û,Rock,Steel,570,61,131,211,53,101,13,TRUE
images/968.png,806,Blacephalon,¯yÀY¤p¤¡,Fire,Ghost,570,53,127,53,151,79,107,TRUE
images/969.png,807,Zeraora,±¶©Ô¶ø©Ô,Electric,,600,88,112,75,102,80,143,TRUE
images/970.png,808,Meltan,¬ü¿ý©Z,Steel,,300,46,65,65,55,35,34,TRUE
images/971.png,809,Melmetal,¬ü¿ý±ö¶ð,Steel,,600,135,143,143,80,65,34,TRUE
images/972.png,810,Grookey,ºV­µµU,Grass,,310,50,65,50,40,40,65,FALSE
images/973.png,811,Thwackey,°Ô©NµU,Grass,,420,70,85,70,55,60,80,FALSE
images/974.png,812,Rillaboom,ÅF¾Ýª÷­èµV,Grass,,530,100,125,90,60,70,85,FALSE
images/975.png,813,Scorbunny,ª¢¨ß¨à,Fire,,310,50,71,40,40,40,69,FALSE
images/976.png,814,Raboot,ÄËÃà¤p±N,Fire,,420,65,86,60,55,60,94,FALSE
images/977.png,815,Cinderace,°{µK¤ýµP,Fire,,530,80,116,75,65,75,119,FALSE
images/978.png,816,Sobble,²\²´»h,Water,,310,50,40,40,70,40,70,FALSE
images/979.png,817,Drizzile,ÅÜÀß»h,Water,,420,65,60,55,95,55,90,FALSE
images/980.png,818,Inteleon,¤d­±Á×§Ð,Water,,530,70,85,65,125,65,120,FALSE
images/981.png,819,Skwovet,³g¤ß®ß¹«,Normal,,275,70,55,55,35,35,25,FALSE
images/982.png,820,Greedent,ÂÃ¹¡®ß¹«,Normal,,460,120,95,95,55,75,20,FALSE
images/983.png,821,Rookidee,¸X¤s³¶,Flying,,245,38,47,35,33,35,57,FALSE
images/984.png,822,Corvisquire,ÂÅ¾~,Flying,,365,68,67,55,43,55,77,FALSE
images/985.png,823,Corviknight,¿ûñZ¾~,Flying,Steel,495,98,87,105,53,85,67,FALSE
images/986.png,824,Blipbug,¯Á°»ÂÎ,Bug,,180,25,20,20,25,45,45,FALSE
images/987.png,825,Dottler,¤Ñ¸nÂÎ,Bug,Psychic,335,50,35,80,50,90,30,FALSE
images/988.png,826,Orbeetle,¥H¼Ú¸ô´¶,Bug,Psychic,505,60,45,110,80,120,90,FALSE
images/989.png,827,Nickit,°½¨àª°,Dark,,245,40,28,28,47,52,50,FALSE
images/990.png,828,Thievul,ª°¤jµs,Dark,,455,70,58,58,87,92,90,FALSE
images/991.png,829,Gossifleur,¥®´Ö´Ö,Grass,,250,40,40,60,40,60,10,FALSE
images/992.png,830,Eldegoss,¥Õ½´½´,Grass,,460,60,50,90,80,120,60,FALSE
images/993.png,831,Wooloo,¤òÄ|¦Ï,Normal,,270,42,40,55,40,45,48,FALSE
images/994.png,832,Dubwool,¤ò¤ò¨¤¦Ï,Normal,,490,72,80,100,60,90,88,FALSE
images/995.png,833,Chewtle,«r«rÀt,Water,,284,50,64,50,38,38,44,FALSE
images/996.png,834,Drednaw,¼É¾½Àt,Water,Rock,485,90,115,90,48,68,74,FALSE
images/997.png,835,Yamper,¨Ó¹q¨L,Electric,,270,59,45,50,40,50,26,FALSE
images/998.png,836,Boltund,³v¹q¤ü,Electric,,490,69,90,60,90,60,121,FALSE
images/999.png,837,Rolycoly,¤p¬´¥J,Rock,,240,30,40,50,40,50,30,FALSE
images/1000.png,838,Carkol,¤j¬´¨®,Rock,Fire,410,80,60,90,60,70,50,FALSE
images/1001.png,839,Coalossal,¥¨¬´¤s,Rock,Fire,510,110,80,120,80,90,30,FALSE
images/1002.png,840,Applin,°ÙªGÂÎ,Grass,Dragon,260,40,40,80,40,40,20,FALSE
images/1003.png,841,Flapple,Ä«»qÀs,Grass,Dragon,485,70,110,80,95,60,70,FALSE
images/1004.png,842,Appletun,Â×»eÀs,Grass,Dragon,485,110,85,80,100,80,30,FALSE
images/1005.png,843,Silicobra,¨F¥]³D,Ground,,315,52,57,75,35,50,46,FALSE
images/1006.png,844,Sandaconda,¨FÁ³Á¯,Ground,,510,72,107,125,65,70,71,FALSE
images/1007.png,845,Cramorant,¥j¤ë³¾,Flying,Water,475,70,85,55,85,95,85,FALSE
images/1008.png,846,Arrokuda,¨ë±ô³½,Water,,280,41,63,40,40,30,66,FALSE
images/1009.png,847,Barraskewda,Ì²¤æ¦y±ô,Water,,490,61,123,60,60,50,136,FALSE
images/1010.png,848,Toxel,¬r¹qÀ¦,Electric,Poison,242,40,38,35,54,35,40,FALSE
images/1011.png,849,Toxtricity Amped Form,Å¸©¶ôÆë` °ª½Õªº¼Ë¤l,Electric,Poison,502,75,98,70,114,70,75,FALSE
images/1012.png,849,Toxtricity Low Key Form,Å¸©¶ôÆë` §C½Õªº¼Ë¤l,Electric,Poison,502,75,98,70,114,70,75,FALSE
images/1013.png,850,Sizzlipede,¿N¤õ°G,Fire,Bug,305,50,65,45,50,50,45,FALSE
images/1014.png,851,Centiskorch,µIµK°G,Fire,Bug,525,100,115,65,90,90,65,FALSE
images/1015.png,852,Clobbopus,®±®±ßê,Fighting,,310,50,68,60,50,50,32,FALSE
images/1016.png,853,Grapploct,¤K¤öªZ®v,Fighting,,480,80,118,90,70,80,42,FALSE
images/1017.png,854,Sinistea,¨Ó´d¯ù,Ghost,,308,40,45,45,74,54,50,FALSE
images/1018.png,855,Polteageist,©Æ«ä³ý,Ghost,,508,60,65,65,134,114,70,FALSE
images/1019.png,856,Hatenna,°g¥¬²ú©i,Psychic,,265,42,30,45,56,53,39,FALSE
images/1020.png,857,Hattrem,´£¥¬²ú©i,Psychic,,370,57,40,65,86,73,49,FALSE
images/1021.png,858,Hatterene,¥¬²ú©i·Å,Psychic,Fairy,510,57,90,95,136,103,29,FALSE
images/1022.png,859,Impidimp,·o³J¤p§¯,Dark,Fairy,265,45,45,30,55,40,50,FALSE
images/1023.png,860,Morgrem,¶B°äÅ],Dark,Fairy,370,65,60,45,75,55,70,FALSE
images/1024.png,861,Grimmsnarl,ªø¤ò¥¨Å],Dark,Fairy,510,95,120,65,95,75,60,FALSE
images/1025.png,862,Obstagoon,°ôÄdºµ,Dark,Normal,520,93,90,101,60,81,95,FALSE
images/1026.png,863,Perrserker,ØpÀY¥Ø,Steel,,440,70,110,100,50,60,50,FALSE
images/1027.png,864,Cursola,Å]ÆF¬À·ä,Ghost,,510,60,95,50,145,130,30,FALSE
images/1028.png,865,Sirfetch'd,½µ¹C§L,Fighting,,507,62,135,95,68,82,65,FALSE
images/1029.png,866,Mr. Rime,½ñ¦B¤H°¸,Ice,Psychic,520,80,85,75,110,100,70,FALSE
images/1030.png,867,Runerigus,¦º¯«ªO,Ground,Ghost,483,58,95,145,50,105,30,FALSE
images/1031.png,868,Milcery,¤p¥P¥¤,Fairy,,270,45,40,40,50,61,34,FALSE
images/1032.png,869,Alcremie,Á÷¥¤¥P,Fairy,,495,65,60,75,110,121,64,FALSE
images/1033.png,870,Falinks,¦C°}§L,Fighting,,470,65,100,100,70,60,75,FALSE
images/1034.png,871,Pincurchin,°ÔìÀ®üÁx,Electric,,435,48,101,95,91,85,15,FALSE
images/1035.png,872,Snom,³·§]ÂÎ,Ice,Bug,185,30,25,35,45,30,20,FALSE
images/1036.png,873,Frosmoth,³·µ³¸¿,Ice,Bug,475,70,65,60,125,90,65,FALSE
images/1037.png,874,Stonjourner,¥¨¥Û¤B,Rock,,470,100,125,135,20,20,70,FALSE
images/1038.png,875,Eiscue Ice Face,¦B¬äÃZ µ²­áÀY,Ice,,470,75,80,110,65,90,50,FALSE
images/1039.png,875,Eiscue Noice Face,¦B¬äÃZ ¸Ñ­áÀY,Ice,,470,75,80,70,65,50,130,FALSE
images/1040.png,876,Indeedee Male,·RºÞ¨Í ¶¯©Êªº¼Ë¤l,Psychic,Normal,475,60,65,55,105,95,95,FALSE
images/1041.png,876,Indeedee Female,·RºÞ¨Í »Û©Êªº¼Ë¤l,Psychic,Normal,475,70,55,65,95,105,85,FALSE
images/1042.png,877,Morpeko Full Belly Mode,²ö¾|¨©¥i º¡¸¡ªá¯¾,Electric,Dark,436,58,95,58,70,58,97,FALSE
images/1043.png,877,Morpeko Hangry Mode,²ö¾|¨©¥i ªÅ¸¡ªá¯¾,Electric,Dark,436,58,95,58,70,58,97,FALSE
images/1044.png,878,Cufant,»É¶H,Steel,,330,72,80,49,40,49,40,FALSE
images/1045.png,879,Copperajah,¤j¤ý»É¶H,Steel,,500,122,130,69,80,69,30,FALSE
images/1046.png,880,Dracozolt,¹p³¾Às,Electric,Dragon,505,90,100,90,80,70,75,FALSE
images/1047.png,881,Arctozolt,¹p³¾®üÃ~,Electric,Ice,505,90,100,90,90,80,55,FALSE
images/1048.png,882,Dracovish,ÄÎ³½Às,Water,Dragon,505,90,90,100,70,80,75,FALSE
images/1049.png,883,Arctovish,ÄÎ³½®üÃ~,Water,Ice,505,90,90,100,80,90,55,FALSE
images/1050.png,884,Duraludon,¾T¿ûÀs,Steel,Dragon,535,70,95,115,120,50,85,FALSE
images/1051.png,885,Dreepy,¦hÀs±ö¦è¨È,Dragon,Ghost,270,28,60,30,40,30,82,FALSE
images/1052.png,886,Drakloak,¦hÀs©_,Dragon,Ghost,410,68,80,50,60,50,102,FALSE
images/1053.png,887,Dragapult,¦hÀs¤Ú¾|¦«,Dragon,Ghost,600,88,120,75,100,75,142,FALSE
images/1054.png,888,Zacian Hero of Many Battles,»aÅT ¦Ê¾Ô«iªÌ,Fairy,,660,92,120,115,80,115,138,TRUE
images/1055.png,888,Zacian Crowned Sword,»aÅT ¼C¤§¤ý,Fairy,Steel,700,92,150,115,80,115,148,TRUE
images/1056.png,889,Zamazenta Hero of Many Battles,ÂÃº¿µM¯S ¦Ê¾Ô«iªÌ,Fighting,,660,92,120,115,80,115,138,TRUE
images/1057.png,889,Zamazenta Crowned Shield,ÂÃº¿µM¯S ¬Þ¤§¤ý,Fighting,Steel,700,92,120,140,80,140,128,TRUE
images/1058.png,890,Eternatus,µL·¥¨O¨º,Poison,Dragon,690,140,85,95,145,95,130,TRUE
images/1059.png,890,Eternatus Eternamax,µL·¥¥¨¤ÆµL·¥¨O¨º,Poison,Dragon,1125,255,115,250,125,250,130,TRUE
images/1060.png,891,Kubfu,ºµ®{§Ì,Fighting,,385,60,90,60,53,50,72,TRUE
images/1061.png,892,Urshifu Single Strike Style,ªZ¹Dºµ®v ¤@À»¬y,Fighting,Dark,550,100,130,100,63,60,97,TRUE
images/1062.png,892,Urshifu Rapid Strike Style,ªZ¹Dºµ®v ³sÀ»¬y,Fighting,Water,550,100,130,100,63,60,97,TRUE
images/1063.png,893,Zarude,ÂÄ¼®¼w,Dark,Grass,600,105,120,105,70,95,105,TRUE
images/1064.png,894,Regieleki,¹p¦N¦ã°Ç©_,Electric,,580,80,100,50,100,50,200,TRUE
images/1065.png,895,Regidrago,¹p¦NÅM©Ô¤à,Dragon,,580,200,100,50,100,50,80,TRUE
images/1066.png,896,Glastrier,³·¼É°¨,Ice,,580,100,145,130,65,110,30,TRUE
images/1067.png,897,Spectrier,ÆF«Õ°¨,Ghost,,580,100,65,60,145,80,130,TRUE
images/1068.png,898,Calyrex,Á¢«a¤ý,Psychic,Grass,500,100,80,80,80,80,80,TRUE
images/1069.png,898,Calyrex Ice Rider,Á¢«a¤ý ÃM¥Õ°¨ªº¼Ë¤l,Psychic,Ice,680,100,165,150,85,130,50,TRUE
images/1070.png,898,Calyrex Shadow Rider,Á¢«a¤ý ÃM¶Â°¨ªº¼Ë¤l,Psychic,Ghost,680,100,85,80,165,100,150,TRUE
images/1071.png,899,Wyrdeer,¸Þ¨¤³À,Normal,Psychic,525,103,105,72,105,75,65,FALSE
images/1072.png,900,Kleavor,¼A©òÁ®½¸,Bug,Rock,500,70,135,95,45,70,85,FALSE
images/1073.png,901,Ursaluna,¤ë¤ëºµ,Ground,Normal,550,130,140,105,45,80,50,FALSE
images/1074.png,901,Ursaluna Bloodmoon,¤ë¤ëºµ »®¤ë,Ground,Normal,555,113,70,120,135,65,52,FALSE
images/1075.png,902,Basculegion Male,«Õ§À¥È³½ ¶¯©Êªº¼Ë¤l,Water,Ghost,530,120,112,65,80,75,78,FALSE
images/1076.png,902,Basculegion Female,«Õ§À¥È³½ »Û©Êªº¼Ë¤l,Water,Ghost,530,120,92,65,100,75,78,FALSE
images/1077.png,903,Sneasler,¤jËc©Ô,Fighting,Poison,510,80,130,60,40,80,120,FALSE
images/1078.png,904,Overqwil,¸U°w³½,Dark,Poison,510,85,115,95,65,65,85,FALSE
images/1079.png,905,Enamorus Incarnate Forme,²²ÅÊ¶³ ¤Æ¨­§ÎºA,Fairy,Flying,580,74,115,70,135,80,106,TRUE
images/1080.png,905,Enamorus Therian Forme,²²ÅÊ¶³ ÆFÃ~§ÎºA,Fairy,Flying,580,74,115,110,135,100,46,TRUE
images/1081.png,906,Sprigatito,·s¸­Øp,Grass,,310,40,61,54,45,45,65,FALSE
images/1082.png,907,Floragato,¸¦Á¢Øp,Grass,,410,61,80,63,60,63,83,FALSE
images/1083.png,908,Meowscarada,Å]¤Û°²­±Øp,Grass,Dark,530,76,110,70,81,70,123,FALSE
images/1084.png,909,Fuecoco,§b¤õÆs,Fire,,310,67,45,59,63,40,36,FALSE
images/1085.png,910,Crocalor,ª¥¿SÆs,Fire,,411,81,55,78,90,58,49,FALSE
images/1086.png,911,Skeledirge,°©¯¾¥¨ÁnÆs,Fire,Ghost,530,104,75,100,110,75,66,FALSE
images/1087.png,912,Quaxly,¼í¤ôÀn,Water,,310,55,65,45,50,45,50,FALSE
images/1088.png,913,Quaxwell,´éÅDÀn,Water,,410,70,85,65,65,60,65,FALSE
images/1089.png,914,Quaquaval,¨gÅw®ö»RÀn,Water,Fighting,530,85,120,80,85,75,85,FALSE
images/1090.png,915,Lechonk,·R¦Y³b,Normal,,254,54,45,40,35,45,35,FALSE
images/1091.png,916,Oinkologne Male,ÄÆ­»³b ¶¯©Êªº¼Ë¤l,Normal,,489,110,100,75,59,80,65,FALSE
images/1092.png,916,Oinkologne Female,ÄÆ­»³b »Û©Êªº¼Ë¤l,Normal,,489,115,90,70,59,90,65,FALSE
images/1093.png,917,Tarountula,¹Î¯]µï,Bug,,210,35,41,45,29,40,20,FALSE
images/1094.png,918,Spidops,¾Þ³´µï,Bug,,404,60,79,92,52,86,35,FALSE
images/1095.png,919,Nymble,¨§ÁµÁ¬,Bug,,210,33,46,40,21,25,45,FALSE
images/1096.png,920,Lokix,¯P»L½À,Bug,Dark,450,71,102,78,52,55,92,FALSE
images/1097.png,921,Pawmi,¥¬¼·,Electric,,240,45,50,20,40,25,60,FALSE
images/1098.png,922,Pawmo,¥¬¤g¼·,Electric,Fighting,350,60,75,40,50,40,85,FALSE
images/1099.png,923,Pawmot,¤Ú¥¬¤g¼·,Electric,Fighting,490,70,115,70,70,60,105,FALSE
images/1100.png,924,Tandemaus,¤@¹ï¹«,Normal,,305,50,50,45,40,45,75,FALSE
images/1101.png,925,Maushold Family of Four,¤@®a¹« ¤T°¦®a®x,Normal,,470,74,75,70,65,75,111,FALSE
images/1102.png,925,Maushold Family of Three,¤@®a¹« ¥|°¦®a®x,Normal,,470,74,75,70,65,75,111,FALSE
images/1103.png,926,Fidough,ª¯¥J¥],Fairy,,312,37,55,70,30,55,65,FALSE
images/1104.png,927,Dachsbun,³Âªá¤ü,Fairy,,477,57,80,115,50,80,95,FALSE
images/1105.png,928,Smoliv,°g§AªÜ,Grass,Normal,260,41,35,45,58,51,30,FALSE
images/1106.png,929,Dolliv,¶ø§Q¯Ã,Grass,Normal,354,52,53,60,78,78,33,FALSE
images/1107.png,930,Arboliva,¶ø§Q¥Ë,Grass,Normal,510,78,69,90,125,109,39,FALSE
images/1108.png,931,Squawkabilly Green Plumage,«ãÆx­ô ºñ¦Ð¤ò,Normal,Flying,417,82,96,51,45,51,92,FALSE
images/1109.png,931,Squawkabilly Blue Plumage,«ãÆx­ô ÂÅ¦Ð¤ò,Normal,Flying,417,82,96,51,45,51,92,FALSE
images/1110.png,931,Squawkabilly Yellow Plumage,«ãÆx­ô ¶À¦Ð¤ò,Normal,Flying,417,82,96,51,45,51,92,FALSE
images/1111.png,931,Squawkabilly White Plumage,«ãÆx­ô ¥Õ¦Ð¤ò,Normal,Flying,417,82,96,51,45,51,92,FALSE
images/1112.png,932,Nacli,ÆQ¥ÛÄ_,Rock,,280,55,55,75,35,35,25,FALSE
images/1113.png,933,Naclstack,ÆQ¥ÛÂS,Rock,,355,60,60,100,35,65,35,FALSE
images/1114.png,934,Garganacl,ÆQ¥Û¥¨ÆF,Rock,,500,100,100,130,45,90,35,FALSE
images/1115.png,935,Charcadet,¬´¤p¨Í,Fire,,255,40,50,40,50,40,35,FALSE
images/1116.png,936,Armarouge,¬õ½¬ñZÃM,Fire,Psychic,525,85,60,100,125,80,75,FALSE
images/1117.png,937,Ceruledge,»aª¢¤b°­,Fire,Ghost,525,75,125,80,60,100,85,FALSE
images/1118.png,938,Tadbulb,¥ú°B¥J,Electric,,272,61,31,41,59,35,45,FALSE
images/1119.png,939,Bellibolt,¹q¨{µì,Electric,,495,109,64,91,103,83,45,FALSE
images/1120.png,940,Wattrel,¹q®ü¿P,Electric,Flying,280,40,40,35,55,40,70,FALSE
images/1121.png,941,Kilowattrel,¤j¹q®ü¿P,Electric,Flying,490,70,70,60,105,60,125,FALSE
images/1122.png,942,Maschiff,°¸¥sæv,Dark,,340,60,78,60,40,51,51,FALSE
images/1123.png,943,Mabosstiff,æv±Ð¤÷,Dark,,505,80,120,90,60,70,85,FALSE
images/1124.png,944,Shroodle,´þ¥ÄÅÄ,Poison,Normal,290,40,65,35,40,35,75,FALSE
images/1125.png,945,Grafaiai,¶î¼Ð«È,Poison,Normal,485,63,95,65,80,72,110,FALSE
images/1126.png,946,Bramblin,¯Ç¾½¯ó,Grass,Ghost,275,40,65,30,45,35,60,FALSE
images/1127.png,947,Brambleghast,©Æ¯Ç¾½¯ó,Grass,Ghost,480,55,115,70,80,70,90,FALSE
images/1128.png,948,Toedscool,­ì³¥¤ô¥À,Ground,Grass,335,40,40,35,50,100,70,FALSE
images/1129.png,949,Toedscruel,³°¦a¤ô¥À,Ground,Grass,515,80,70,65,80,120,100,FALSE
images/1130.png,950,Klawf,¤ò±VÃÉ,Rock,,450,70,100,115,35,55,75,FALSE
images/1131.png,951,Capsakid,¼ö»¶«½,Grass,,304,50,62,40,62,40,50,FALSE
images/1132.png,952,Scovillain,¬½»¶´Ô,Grass,Fire,486,65,108,65,108,65,75,FALSE
images/1133.png,953,Rellor,ÂÎºuªd,Bug,,270,41,50,60,31,58,30,FALSE
images/1134.png,954,Rabsca,ÂÎ¥Ò¸t,Bug,Psychic,470,75,50,85,115,100,45,FALSE
images/1135.png,955,Flittle,ÄÆÄÆÂú,Psychic,,255,30,35,30,55,30,75,FALSE
images/1136.png,956,Espathra,¶W¯àÆvÀk,Psychic,,481,95,60,60,101,60,105,FALSE
images/1137.png,957,Tinkatink,¤pÁë¦K,Fairy,Steel,297,50,45,45,35,64,58,FALSE
images/1138.png,958,Tinkatuff,¥©Áë¦K,Fairy,Steel,380,65,55,55,45,82,78,FALSE
images/1139.png,959,Tinkaton,¥¨Áë¦K,Fairy,Steel,506,85,75,77,70,105,94,FALSE
images/1140.png,960,Wiglett,®ü¦a¹«,Water,,245,10,55,25,35,25,95,FALSE
images/1141.png,961,Wugtrio,¤T®ü¦a¹«,Water,,425,35,100,50,50,70,120,FALSE
images/1142.png,962,Bombirdier,¤U¥Û³¾,Flying,Dark,485,70,103,85,60,85,82,FALSE
images/1143.png,963,Finizen,ªi´¶®ü³b,Water,,315,70,45,40,45,40,75,FALSE
images/1144.png,964,Palafin Zero Form,®ü³b«L ¥­¤Z§ÎºA,Water,,457,100,70,72,53,62,100,FALSE
images/1145.png,964,Palafin Hero Form,®ü³b«L ¥þ¯à§ÎºA,Water,,650,100,160,97,106,87,100,FALSE
images/1146.png,965,Varoom,¼P¶©¶©,Steel,Poison,300,45,70,63,30,45,47,FALSE
images/1147.png,966,Revavroom,´¶¶©¶©©i,Steel,Poison,500,80,119,90,54,67,90,FALSE
images/1148.png,967,Cyclizar,¼¯¦«»h,Dragon,Normal,501,70,95,65,85,65,121,FALSE
images/1149.png,968,Orthworm,©ì©ì°C,Steel,,480,70,85,145,60,55,65,FALSE
images/1150.png,969,Glimmet,´¹¥úªÞ,Rock,Poison,350,48,35,42,105,60,60,FALSE
images/1151.png,970,Glimmora,´¹¥úªá,Rock,Poison,525,83,55,90,130,81,86,FALSE
images/1152.png,971,Greavard,¹Ó¥Jª¯,Ghost,,290,50,61,60,30,55,34,FALSE
images/1153.png,972,Houndstone,¹Ó´­¤ü,Ghost,,488,72,101,100,50,97,68,FALSE
images/1154.png,973,Flamigo,Äñ¬õÅb,Flying,Fighting,500,82,115,74,75,64,90,FALSE
images/1155.png,974,Cetoddle,¨«ÄH,Ice,,334,108,68,45,30,40,43,FALSE
images/1156.png,975,Cetitan,¯E¤jÄH,Ice,,521,170,113,65,45,55,73,FALSE
images/1157.png,976,Veluza,»´¨­÷«,Water,Psychic,478,90,102,73,78,65,70,FALSE
images/1158.png,977,Dondozo,¦Y§qÅQ,Water,,530,150,100,115,65,65,35,FALSE
images/1159.png,978,Tatsugiri Curly Form,¦Ì¥ßÀs ¤W¤}«º¶Õ,Dragon,Water,475,68,50,60,120,95,82,FALSE
images/1160.png,978,Tatsugiri Droopy Form,¦Ì¥ßÀs ¤U«««º¶Õ,Dragon,Water,475,68,50,60,120,95,82,FALSE
images/1161.png,978,Tatsugiri Stretchy Form,¦Ì¥ßÀs ¥­®¼«º¶Õ,Dragon,Water,475,68,50,60,120,95,82,FALSE
images/1162.png,979,Annihilape,±ó¥@µU,Fighting,Ghost,535,110,115,80,50,90,90,FALSE
images/1163.png,980,Clodsire,¤g¤ý,Poison,Ground,430,130,75,60,45,100,20,FALSE
images/1164.png,981,Farigiraf,©_ÄQÅï,Normal,Psychic,520,120,90,70,110,70,60,FALSE
images/1165.png,982,Dudunsparce Two-Segment Form,¤gÀs¸`¸` ¤G¸`§ÎºA,Normal,,520,125,100,80,85,75,55,FALSE
images/1166.png,982,Dudunsparce Three-Segment Form,¤gÀs¸`¸` ¤T¸`§ÎºA,Normal,,520,125,100,80,85,75,55,FALSE
images/1167.png,983,Kingambit,¤²±Ù±N­x,Dark,Steel,550,100,135,120,60,85,50,FALSE
images/1168.png,984,Great Tusk,¶¯°¶¤ú,Ground,Fighting,570,115,131,131,53,53,87,FALSE
images/1169.png,985,Scream Tail,§q¥s§À,Fairy,Psychic,570,115,65,99,65,115,111,FALSE
images/1170.png,986,Brute Bonnet,²r´cÛ£,Grass,Dark,570,111,127,99,79,99,55,FALSE
images/1171.png,987,Flutter Mane,®¶Ál¾v,Ghost,Fairy,570,55,55,55,135,135,135,FALSE
images/1172.png,988,Slither Wing,ª¦¦a¯Í,Bug,Fighting,570,85,135,79,85,105,81,FALSE
images/1173.png,989,Sandy Shocks,¨FÅK¥Ö,Electric,Ground,570,85,81,97,121,85,101,FALSE
images/1174.png,990,Iron Treads,ÅKÂá¸ñ,Ground,Steel,570,90,112,120,72,70,106,FALSE
images/1175.png,991,Iron Bundle,ÅK¥]µö,Ice,Water,570,56,80,114,124,60,136,FALSE
images/1176.png,992,Iron Hands,ÅKÁu»H,Fighting,Electric,570,154,140,108,50,68,50,FALSE
images/1177.png,993,Iron Jugulis,ÅK²äÀV,Dark,Flying,570,94,80,86,122,80,108,FALSE
images/1178.png,994,Iron Moth,ÅK¬r¸¿,Fire,Poison,570,80,70,60,140,110,110,FALSE
images/1179.png,995,Iron Thorns,ÅK¯ð´Æ,Rock,Electric,570,100,134,110,70,84,72,FALSE
images/1180.png,996,Frigibax,²D¯áÀs,Dragon,Ice,320,65,75,45,35,45,55,FALSE
images/1181.png,997,Arctibax,­á¯áÀs,Dragon,Ice,423,90,95,66,45,65,62,FALSE
images/1182.png,998,Baxcalibur,´u¯áÀs,Dragon,Ice,600,115,145,92,75,86,87,FALSE
images/1183.png,999,Gimmighoul Chest Form,¯Á°]ÆF Ä_½c§ÎºA,Ghost,,300,45,30,70,75,70,10,FALSE
images/1184.png,999,Gimmighoul Roaming Form,¯Á°]ÆF ®{¨B§ÎºA,Ghost,,300,45,30,25,75,45,80,FALSE
images/1185.png,1000,Gholdengo,ÁÉ´I»¨,Steel,Ghost,550,87,60,95,133,91,84,FALSE
images/1186.png,1001,Wo-Chien,¥jÂ²½½,Dark,Grass,570,85,85,100,95,135,70,TRUE
images/1187.png,1002,Chien-Pao,¥j¼C°\,Dark,Ice,570,80,120,80,90,65,135,TRUE
images/1188.png,1003,Ting-Lu,¥j¹©³À,Dark,Ground,570,155,110,125,55,80,45,TRUE
images/1189.png,1004,Chi-Yu,¥j¥É³½,Dark,Fire,570,55,80,80,135,120,100,TRUE
images/1190.png,1005,Roaring Moon,ÅF»ï¤ë,Dragon,Dark,590,105,139,71,55,101,119,TRUE
images/1191.png,1006,Iron Valiant,ÅKªZªÌ,Fairy,Fighting,590,74,130,90,120,60,116,TRUE
images/1192.png,1007,Koraidon,¬G°Ç¹y,Fighting,Dragon,670,100,135,115,85,100,135,TRUE
images/1193.png,1008,Miraidon,±K°Ç¹y,Electric,Dragon,670,100,85,100,135,115,135,TRUE
images/1194.png,1009,Walking Wake,ªiÀú¤ô,Water,Dragon,590,99,83,91,125,83,109,TRUE
images/1195.png,1010,Iron Leaves,ÅK´³¸­,Grass,Psychic,590,90,130,88,70,108,104,TRUE
images/1196.png,1011,Dipplin,»q»eÂÎ,Grass,Dragon,485,80,80,110,95,80,40,TRUE
images/1197.png,1012,Poltchageist,´µÅ]¯ù,Grass,Ghost,308,40,45,45,74,54,50,TRUE
images/1198.png,1013,Sinistcha,¨Ó´d²Ê¯ù,Grass,Ghost,508,71,60,106,121,80,70,TRUE
images/1199.png,1014,Okidogi,°÷Ægª¯,Poison,Fighting,555,88,128,115,58,86,80,TRUE
images/1200.png,1015,Munkidori,Ä@¼W·á,Poison,Psychic,555,88,75,66,130,90,106,TRUE
images/1201.png,1016,Fezandipiti,¦N¹nÂû,Poison,Fairy,555,88,91,82,70,125,99,TRUE
images/1202.png,1017,Ogerpon Teal Mask,¤Ì°­Ù® ºÑ¯ó­±¨ã,Grass,,550,80,120,84,60,96,110,TRUE
images/1203.png,1017,Ogerpon Wellspring Mask,¤Ì°­Ù® ¤ô¤«­±¨ã,Grass,Water,550,80,120,84,60,96,110,TRUE
images/1204.png,1017,Ogerpon Hearthflame Mask,¤Ì°­Ù® ¤õ¨_­±¨ã,Grass,Fire,550,80,120,84,60,96,110,TRUE
images/1205.png,1017,Ogerpon Cornerstone Mask,¤Ì°­Ù® Â¦¥Û­±¨ã,Grass,Rock,550,80,120,84,60,96,110,TRUE
images/1206.png,1018,Archaludon,¾T¿û¾ôÀs,Steel,Dragon,600,90,105,130,125,65,85,FALSE
images/1207.png,1019,Hydrapple,»e¶°¤j³D,Grass,Dragon,540,106,80,110,120,80,44,FALSE
images/1208.png,1020,Gouging Fire,¯}ªÅµK,Fire,Dragon,590,105,115,121,65,93,91,TRUE
images/1209.png,1021,Raging Bolt,²r¹p¹ª,Electric,Dragon,590,125,73,91,137,89,75,TRUE
images/1210.png,1022,Iron Boulder,ÅK½Y©¥,Rock,Psychic,590,90,120,80,68,108,124,TRUE
images/1211.png,1023,Iron Crown,ÅKÀY´ß,Steel,Psychic,590,90,72,100,122,108,98,TRUE
images/1212.png,1024,Terapagos Normal Form,¤Ó¼Ö¤Ú¤à´µ ´¶³q§ÎºA,Normal,,450,90,65,85,65,85,60,TRUE
images/1213.png,1024,Terapagos Terastal Form,¤Ó¼Ö¤Ú¤à´µ ¤Ó´¹§ÎºA,Normal,,600,95,95,110,105,110,85,TRUE
images/1214.png,1024,Terapagos Stellar Form,¤Ó¼Ö¤Ú¤à´µ ¬P´¹§ÎºA,Normal,,700,160,105,110,130,110,85,TRUE
images/1215.png,1025,Pecharunt,®ç¤ï­¦,Poison,Ghost,600,88,88,160,88,88,88,TRUE
